timestamp,dex_call_oi,dex_put_oi,dex_net_oi,close_price,dex_call_oi text,dex_put_oi text,dex_net_oi text,close_price text
5/11/2024,41017515898,-10990862228,30026653670,251.44,"41,017,515,898 Dex Call Open Interest","-10,990,862,228 Dex Put Open Interest","30,026,653,670 Dex Net Open Interest",251 TSLA close price
6/11/2024,65215951269,-6396332311,58819618957,288.53,"65,215,951,269 Dex Call Open Interest","-6,396,332,311 Dex Put Open Interest","58,819,618,957 Dex Net Open Interest",289 TSLA close price
7/11/2024,68090491169,-6463565022,61626926147,296.91,"68,090,491,169 Dex Call Open Interest","-6,463,565,022 Dex Put Open Interest","61,626,926,147 Dex Net Open Interest",297 TSLA close price
8/11/2024,86325482206,-5729533906,80595948300,321.22,"86,325,482,206 Dex Call Open Interest","-5,729,533,906 Dex Put Open Interest","80,595,948,300 Dex Net Open Interest",321 TSLA close price
11/11/2024,92550753741,-5668874512,86881879228,350,"92,550,753,741 Dex Call Open Interest","-5,668,874,512 Dex Put Open Interest","86,881,879,228 Dex Net Open Interest",350 TSLA close price
12/11/2024,79628280154,-9366006182,70262273972,328.49,"79,628,280,154 Dex Call Open Interest","-9,366,006,182 Dex Put Open Interest","70,262,273,972 Dex Net Open Interest",328 TSLA close price
13/11/2024,81376946725,-9810791341,71566155383,330.24,"81,376,946,725 Dex Call Open Interest","-9,810,791,341 Dex Put Open Interest","71,566,155,383 Dex Net Open Interest",330 TSLA close price
14/11/2024,68912958697,-13987130561,54925828135,311.18,"68,912,958,697 Dex Call Open Interest","-13,987,130,561 Dex Put Open Interest","54,925,828,135 Dex Net Open Interest",311 TSLA close price
15/11/2024,75016490878,-11545857920,63470632958,320.72,"75,016,490,878 Dex Call Open Interest","-11,545,857,920 Dex Put Open Interest","63,470,632,958 Dex Net Open Interest",321 TSLA close price
18/11/2024,73617522135,-8557525408,65059996727,338.74,"73,617,522,135 Dex Call Open Interest","-8,557,525,408 Dex Put Open Interest","65,059,996,727 Dex Net Open Interest",339 TSLA close price
19/11/2024,78267933730,-8634916897,69633016832,346,"78,267,933,730 Dex Call Open Interest","-8,634,916,897 Dex Put Open Interest","69,633,016,832 Dex Net Open Interest",346 TSLA close price
20/11/2024,76007895636,-9420752107,66587143528,342.03,"76,007,895,636 Dex Call Open Interest","-9,420,752,107 Dex Put Open Interest","66,587,143,528 Dex Net Open Interest",342 TSLA close price
21/11/2024,74347583131,-9798885610,64548697520,339.64,"74,347,583,131 Dex Call Open Interest","-9,798,885,610 Dex Put Open Interest","64,548,697,520 Dex Net Open Interest",340 TSLA close price
22/11/2024,83608073034,-8318719028,75289354006,352.56,"83,608,073,034 Dex Call Open Interest","-8,318,719,028 Dex Put Open Interest","75,289,354,006 Dex Net Open Interest",353 TSLA close price
25/11/2024,70718190792,-9871236067,60846954725,338.59,"70,718,190,792 Dex Call Open Interest","-9,871,236,067 Dex Put Open Interest","60,846,954,725 Dex Net Open Interest",339 TSLA close price
26/11/2024,70326061816,-10685934733,59640127083,338.23,"70,326,061,816 Dex Call Open Interest","-10,685,934,733 Dex Put Open Interest","59,640,127,083 Dex Net Open Interest",338 TSLA close price
27/11/2024,67022295064,-12114095517,54908199547,332.89,"67,022,295,064 Dex Call Open Interest","-12,114,095,517 Dex Put Open Interest","54,908,199,547 Dex Net Open Interest",333 TSLA close price
29/11/2024,74633418582,-9524417423,65109001158,345.16,"74,633,418,582 Dex Call Open Interest","-9,524,417,423 Dex Put Open Interest","65,109,001,158 Dex Net Open Interest",345 TSLA close price
2/12/2024,78517256946,-7897960259,70619296686,357.09,"78,517,256,946 Dex Call Open Interest","-7,897,960,259 Dex Put Open Interest","70,619,296,686 Dex Net Open Interest",357 TSLA close price
3/12/2024,75607039756,-9264988773,66342050983,351.42,"75,607,039,756 Dex Call Open Interest","-9,264,988,773 Dex Put Open Interest","66,342,050,983 Dex Net Open Interest",351 TSLA close price
4/12/2024,79943039634,-8747768458,71195271176,357.93,"79,943,039,634 Dex Call Open Interest","-8,747,768,458 Dex Put Open Interest","71,195,271,176 Dex Net Open Interest",358 TSLA close price
5/12/2024,88887253017,-7757665863,81129587153,369.49,"88,887,253,017 Dex Call Open Interest","-7,757,665,863 Dex Put Open Interest","81,129,587,153 Dex Net Open Interest",369 TSLA close price
6/12/2024,1.02196E+11,-7080810888,95115202061,389.22,"102,196,012,949 Dex Call Open Interest","-7,080,810,888 Dex Put Open Interest","95,115,202,061 Dex Net Open Interest",389 TSLA close price
9/12/2024,97449346509,-8268756823,89180589685,389.79,"97,449,346,509 Dex Call Open Interest","-8,268,756,823 Dex Put Open Interest","89,180,589,685 Dex Net Open Interest",390 TSLA close price
10/12/2024,1.06025E+11,-7801916212,98223158028,400.99,"106,025,074,240 Dex Call Open Interest","-7,801,916,212 Dex Put Open Interest","98,223,158,028 Dex Net Open Interest",401 TSLA close price
11/12/2024,1.22668E+11,-7035145187,1.15632E+11,424.77,"122,667,574,649 Dex Call Open Interest","-7,035,145,187 Dex Put Open Interest","115,632,429,462 Dex Net Open Interest",425 TSLA close price
12/12/2024,1.17733E+11,-8633701416,1.091E+11,418.1,"117,733,277,919 Dex Call Open Interest","-8,633,701,416 Dex Put Open Interest","109,099,576,503 Dex Net Open Interest",418 TSLA close price
13/12/2024,1.32297E+11,-7401198221,1.24896E+11,436.23,"132,297,485,225 Dex Call Open Interest","-7,401,198,221 Dex Put Open Interest","124,896,287,004 Dex Net Open Interest",436 TSLA close price
16/12/2024,1.36052E+11,-6945763860,1.29106E+11,463.02,"136,052,246,067 Dex Call Open Interest","-6,945,763,860 Dex Put Open Interest","129,106,482,206 Dex Net Open Interest",463 TSLA close price
17/12/2024,1.46861E+11,-7937831581,1.38923E+11,479.86,"146,861,114,920 Dex Call Open Interest","-7,937,831,581 Dex Put Open Interest","138,923,283,339 Dex Net Open Interest",480 TSLA close price
18/12/2024,1.22137E+11,-15036990843,1.071E+11,440.13,"122,137,486,351 Dex Call Open Interest","-15,036,990,843 Dex Put Open Interest","107,100,495,507 Dex Net Open Interest",440 TSLA close price
19/12/2024,1.19657E+11,-17321370883,1.02335E+11,436.17,"119,656,529,061 Dex Call Open Interest","-17,321,370,883 Dex Put Open Interest","102,335,158,177 Dex Net Open Interest",436 TSLA close price
20/12/2024,1.10245E+11,-19582976676,90661660649,421.06,"110,244,637,325 Dex Call Open Interest","-19,582,976,676 Dex Put Open Interest","90,661,660,649 Dex Net Open Interest",421 TSLA close price
23/12/2024,1.00867E+11,-13501529571,87365682512,430.6,"100,867,212,083 Dex Call Open Interest","-13,501,529,571 Dex Put Open Interest","87,365,682,512 Dex Net Open Interest",431 TSLA close price
24/12/2024,1.22182E+11,-9960890967,1.12221E+11,462.28,"122,181,908,886 Dex Call Open Interest","-9,960,890,967 Dex Put Open Interest","112,221,017,918 Dex Net Open Interest",462 TSLA close price
26/12/2024,1.17526E+11,-11086301392,1.06439E+11,454.13,"117,525,614,838 Dex Call Open Interest","-11,086,301,392 Dex Put Open Interest","106,439,313,446 Dex Net Open Interest",454 TSLA close price
27/12/2024,1.01917E+11,-16044940737,85872504971,431.66,"101,917,445,709 Dex Call Open Interest","-16,044,940,737 Dex Put Open Interest","85,872,504,971 Dex Net Open Interest",432 TSLA close price
30/12/2024,92004697230,-14594141216,77410556014,417.41,"92,004,697,230 Dex Call Open Interest","-14,594,141,216 Dex Put Open Interest","77,410,556,014 Dex Net Open Interest",417 TSLA close price
31/12/2024,86076711398,-16829573957,69247137440,403.84,"86,076,711,398 Dex Call Open Interest","-16,829,573,957 Dex Put Open Interest","69,247,137,440 Dex Net Open Interest",404 TSLA close price
2/01/2025,74937243827,-21082576047,53854667780,379.28,"74,937,243,827 Dex Call Open Interest","-21,082,576,047 Dex Put Open Interest","53,854,667,780 Dex Net Open Interest",379 TSLA close price
3/01/2025,93848253989,-13497388447,80350865541,410.44,"93,848,253,989 Dex Call Open Interest","-13,497,388,447 Dex Put Open Interest","80,350,865,541 Dex Net Open Interest",410 TSLA close price
6/01/2025,92477931735,-13221486567,79256445168,411.05,"92,477,931,735 Dex Call Open Interest","-13,221,486,567 Dex Put Open Interest","79,256,445,168 Dex Net Open Interest",411 TSLA close price
7/01/2025,83745013453,-16374950840,67370062613,394.36,"83,745,013,453 Dex Call Open Interest","-16,374,950,840 Dex Put Open Interest","67,370,062,613 Dex Net Open Interest",394 TSLA close price
8/01/2025,83947248067,-16611943934,67335304132,394.94,"83,947,248,067 Dex Call Open Interest","-16,611,943,934 Dex Put Open Interest","67,335,304,132 Dex Net Open Interest",395 TSLA close price
10/01/2025,83468183819,-16421185133,67046998686,394.74,"83,468,183,819 Dex Call Open Interest","-16,421,185,133 Dex Put Open Interest","67,046,998,686 Dex Net Open Interest",395 TSLA close price
13/01/2025,87442257579,-13809071573,73633186005,403.31,"87,442,257,579 Dex Call Open Interest","-13,809,071,573 Dex Put Open Interest","73,633,186,005 Dex Net Open Interest",403 TSLA close price
14/01/2025,84464728119,-15061628040,69403100079,396.36,"84,464,728,119 Dex Call Open Interest","-15,061,628,040 Dex Put Open Interest","69,403,100,079 Dex Net Open Interest",396 TSLA close price
15/01/2025,1.03884E+11,-11392363695,92491927211,428.22,"103,884,290,906 Dex Call Open Interest","-11,392,363,695 Dex Put Open Interest","92,491,927,211 Dex Net Open Interest",428 TSLA close price
16/01/2025,94672281096,-14112406057,80559875038,413.82,"94,672,281,096 Dex Call Open Interest","-14,112,406,057 Dex Put Open Interest","80,559,875,038 Dex Net Open Interest",414 TSLA close price
17/01/2025,1.03993E+11,-11771333144,92221469584,426.5,"103,992,802,728 Dex Call Open Interest","-11,771,333,144 Dex Put Open Interest","92,221,469,584 Dex Net Open Interest",427 TSLA close price
21/01/2025,73495183933,-11975993673,61519190259,424.07,"73,495,183,933 Dex Call Open Interest","-11,975,993,673 Dex Put Open Interest","61,519,190,259 Dex Net Open Interest",424 TSLA close price
22/01/2025,70105372201,-13670119383,56435252818,415.11,"70,105,372,201 Dex Call Open Interest","-13,670,119,383 Dex Put Open Interest","56,435,252,818 Dex Net Open Interest",415 TSLA close price
23/01/2025,68592408273,-14324064660,54268343612,412.38,"68,592,408,273 Dex Call Open Interest","-14,324,064,660 Dex Put Open Interest","54,268,343,612 Dex Net Open Interest",412 TSLA close price
24/01/2025,66040705140,-15297509085,50743196055,406.58,"66,040,705,140 Dex Call Open Interest","-15,297,509,085 Dex Put Open Interest","50,743,196,055 Dex Net Open Interest",407 TSLA close price
27/01/2025,61071761272,-14244359599,46827401673,397.15,"61,071,761,272 Dex Call Open Interest","-14,244,359,599 Dex Put Open Interest","46,827,401,673 Dex Net Open Interest",397 TSLA close price
28/01/2025,62412398297,-14591495428,47820902868,398.09,"62,412,398,297 Dex Call Open Interest","-14,591,495,428 Dex Put Open Interest","47,820,902,868 Dex Net Open Interest",398 TSLA close price
29/01/2025,59578736520,-15944244492,43634492027,389.1,"59,578,736,520 Dex Call Open Interest","-15,944,244,492 Dex Put Open Interest","43,634,492,027 Dex Net Open Interest",389 TSLA close price
30/01/2025,63357439398,-14407687064,48949752334,400.28,"63,357,439,398 Dex Call Open Interest","-14,407,687,064 Dex Put Open Interest","48,949,752,334 Dex Net Open Interest",400 TSLA close price
31/01/2025,66604931694,-13703200748,52901730945,404.6,"66,604,931,694 Dex Call Open Interest","-13,703,200,748 Dex Put Open Interest","52,901,730,945 Dex Net Open Interest",405 TSLA close price
3/02/2025,57180621431,-16727614431,40453006999,383.68,"57,180,621,431 Dex Call Open Interest","-16,727,614,431 Dex Put Open Interest","40,453,006,999 Dex Net Open Interest",384 TSLA close price
4/02/2025,62419929571,-15711493388,46708436183,392.21,"62,419,929,571 Dex Call Open Interest","-15,711,493,388 Dex Put Open Interest","46,708,436,183 Dex Net Open Interest",392 TSLA close price
5/02/2025,56763306437,-18291245841,38472060595,378.17,"56,763,306,437 Dex Call Open Interest","-18,291,245,841 Dex Put Open Interest","38,472,060,595 Dex Net Open Interest",378 TSLA close price
6/02/2025,63952884427,-19295400234,44657484192,374.32,"63,952,884,427 Dex Call Open Interest","-19,295,400,234 Dex Put Open Interest","44,657,484,192 Dex Net Open Interest",374 TSLA close price
7/02/2025,50942048477,-21598605629,29343442848,361.62,"50,942,048,477 Dex Call Open Interest","-21,598,605,629 Dex Put Open Interest","29,343,442,848 Dex Net Open Interest",362 TSLA close price
10/02/2025,47254986924,-21036521429,26218465494,350.73,"47,254,986,924 Dex Call Open Interest","-21,036,521,429 Dex Put Open Interest","26,218,465,494 Dex Net Open Interest",351 TSLA close price
11/02/2025,41397331643,-25630885830,15766445812,328.5,"41,397,331,643 Dex Call Open Interest","-25,630,885,830 Dex Put Open Interest","15,766,445,812 Dex Net Open Interest",329 TSLA close price
12/02/2025,46845577498,-24612345807,22233231691,336.51,"46,845,577,498 Dex Call Open Interest","-24,612,345,807 Dex Put Open Interest","22,233,231,691 Dex Net Open Interest",337 TSLA close price
13/02/2025,57783165910,-20010318617,37772847292,355.94,"57,783,165,910 Dex Call Open Interest","-20,010,318,617 Dex Put Open Interest","37,772,847,292 Dex Net Open Interest",356 TSLA close price
14/02/2025,57389709751,-19700362178,37689347572,355.84,"57,389,709,751 Dex Call Open Interest","-19,700,362,178 Dex Put Open Interest","37,689,347,572 Dex Net Open Interest",356 TSLA close price
18/02/2025,54155641320,-19298389324,34857251996,354.11,"54,155,641,320 Dex Call Open Interest","-19,298,389,324 Dex Put Open Interest","34,857,251,996 Dex Net Open Interest",354 TSLA close price
19/02/2025,58023409593,-18133198832,39890210761,360.56,"58,023,409,593 Dex Call Open Interest","-18,133,198,832 Dex Put Open Interest","39,890,210,761 Dex Net Open Interest",361 TSLA close price
20/02/2025,54576228540,-19420137327,35156091212,354.4,"54,576,228,540 Dex Call Open Interest","-19,420,137,327 Dex Put Open Interest","35,156,091,212 Dex Net Open Interest",354 TSLA close price
21/02/2025,47140450547,-22268272139,24872178407,337.8,"47,140,450,547 Dex Call Open Interest","-22,268,272,139 Dex Put Open Interest","24,872,178,407 Dex Net Open Interest",338 TSLA close price
24/02/2025,42232917961,-20857182695,21375735266,330.53,"42,232,917,961 Dex Call Open Interest","-20,857,182,695 Dex Put Open Interest","21,375,735,266 Dex Net Open Interest",331 TSLA close price
25/02/2025,34435189221,-25823209535,8611979685,302.8,"34,435,189,221 Dex Call Open Interest","-25,823,209,535 Dex Put Open Interest","8,611,979,685 Dex Net Open Interest",303 TSLA close price
26/02/2025,32875609362,-27984948757,4890660605,290.8,"32,875,609,362 Dex Call Open Interest","-27,984,948,757 Dex Put Open Interest","4,890,660,605 Dex Net Open Interest",291 TSLA close price
27/02/2025,31637146630,-28881030664,2756115965,281.95,"31,637,146,630 Dex Call Open Interest","-28,881,030,664 Dex Put Open Interest","2,756,115,965 Dex Net Open Interest",282 TSLA close price
28/02/2025,36310891135,-25501559186,10809331948,292.98,"36,310,891,135 Dex Call Open Interest","-25,501,559,186 Dex Put Open Interest","10,809,331,948 Dex Net Open Interest",293 TSLA close price
3/03/2025,33610620140,-25152382804,8458237336,284.65,"33,610,620,140 Dex Call Open Interest","-25,152,382,804 Dex Put Open Interest","8,458,237,336 Dex Net Open Interest",285 TSLA close price
4/03/2025,30356736597,-27470135775,2886600822,272.04,"30,356,736,597 Dex Call Open Interest","-27,470,135,775 Dex Put Open Interest","2,886,600,822 Dex Net Open Interest",272 TSLA close price
5/03/2025,33575365952,-26369980145,7205385807,279.1,"33,575,365,952 Dex Call Open Interest","-26,369,980,145 Dex Put Open Interest","7,205,385,807 Dex Net Open Interest",279 TSLA close price
6/03/2025,28786166624,-28445416323,340750301,263.45,"28,786,166,624 Dex Call Open Interest","-28,445,416,323 Dex Put Open Interest","340,750,301 Dex Net Open Interest",263 TSLA close price
7/03/2025,29436767125,-26171936369,3264830755,262.67,"29,436,767,125 Dex Call Open Interest","-26,171,936,369 Dex Put Open Interest","3,264,830,755 Dex Net Open Interest",263 TSLA close price
10/03/2025,20180513921,-28828884449,-8648370527,222.15,"20,180,513,921 Dex Call Open Interest","-28,828,884,449 Dex Put Open Interest","-8,648,370,527 Dex Net Open Interest",222 TSLA close price
11/03/2025,23907936567,-27871485246,-3963548678,230.58,"23,907,936,567 Dex Call Open Interest","-27,871,485,246 Dex Put Open Interest","-3,963,548,678 Dex Net Open Interest",231 TSLA close price
12/03/2025,30135526361,-26881210807,3254315553,248.09,"30,135,526,361 Dex Call Open Interest","-26,881,210,807 Dex Put Open Interest","3,254,315,553 Dex Net Open Interest",248 TSLA close price
13/03/2025,27538047136,-28266280270,-728233134,240.68,"27,538,047,136 Dex Call Open Interest","-28,266,280,270 Dex Put Open Interest","-728,233,134 Dex Net Open Interest",241 TSLA close price
14/03/2025,31350415052,-25732683043,5617732009,249.98,"31,350,415,052 Dex Call Open Interest","-25,732,683,043 Dex Put Open Interest","5,617,732,009 Dex Net Open Interest",250 TSLA close price
17/03/2025,25763332719,-26337930905,-574598186,238.01,"25,763,332,719 Dex Call Open Interest","-26,337,930,905 Dex Put Open Interest","-574,598,186 Dex Net Open Interest",238 TSLA close price
18/03/2025,22655300648,-28046233333,-5390932684,225.31,"22,655,300,648 Dex Call Open Interest","-28,046,233,333 Dex Put Open Interest","-5,390,932,684 Dex Net Open Interest",225 TSLA close price
19/03/2025,26651598353,-25564155609,1087442744,235.86,"26,651,598,353 Dex Call Open Interest","-25,564,155,609 Dex Put Open Interest","1,087,442,744 Dex Net Open Interest",236 TSLA close price
20/03/2025,26882413396,-25696789812,1185623584,236.26,"26,882,413,396 Dex Call Open Interest","-25,696,789,812 Dex Put Open Interest","1,185,623,584 Dex Net Open Interest",236 TSLA close price
21/03/2025,32964195095,-23162286663,9801908432,248.71,"32,964,195,095 Dex Call Open Interest","-23,162,286,663 Dex Put Open Interest","9,801,908,432 Dex Net Open Interest",249 TSLA close price
24/03/2025,41495485007,-19052325983,22443159024,278.39,"41,495,485,007 Dex Call Open Interest","-19,052,325,983 Dex Put Open Interest","22,443,159,024 Dex Net Open Interest",278 TSLA close price
25/03/2025,47225136790,-18778497378,28446639411,288.14,"47,225,136,790 Dex Call Open Interest","-18,778,497,378 Dex Put Open Interest","28,446,639,411 Dex Net Open Interest",288 TSLA close price
26/03/2025,39402557307,-22079207052,17323350254,272.06,"39,402,557,307 Dex Call Open Interest","-22,079,207,052 Dex Put Open Interest","17,323,350,254 Dex Net Open Interest",272 TSLA close price
27/03/2025,40522161781,-21739882750,18782279030,273.13,"40,522,161,781 Dex Call Open Interest","-21,739,882,750 Dex Put Open Interest","18,782,279,030 Dex Net Open Interest",273 TSLA close price
28/03/2025,35225454294,-24427185368,10798268926,263.55,"35,225,454,294 Dex Call Open Interest","-24,427,185,368 Dex Put Open Interest","10,798,268,926 Dex Net Open Interest",264 TSLA close price
31/03/2025,31854496234,-23212821230,8641675003,259.16,"31,854,496,234 Dex Call Open Interest","-23,212,821,230 Dex Put Open Interest","8,641,675,003 Dex Net Open Interest",259 TSLA close price
1/04/2025,36265822117,-21969054205,14296767911,268.46,"36,265,822,117 Dex Call Open Interest","-21,969,054,205 Dex Put Open Interest","14,296,767,911 Dex Net Open Interest",268 TSLA close price
2/04/2025,42857900476,-20258249544,22599650931,282.76,"42,857,900,476 Dex Call Open Interest","-20,258,249,544 Dex Put Open Interest","22,599,650,931 Dex Net Open Interest",283 TSLA close price
3/04/2025,36609458120,-23616945954,12992512166,267.28,"36,609,458,120 Dex Call Open Interest","-23,616,945,954 Dex Put Open Interest","12,992,512,166 Dex Net Open Interest",267 TSLA close price
4/04/2025,26677386473,-29166517295,-2489130821,239.43,"26,677,386,473 Dex Call Open Interest","-29,166,517,295 Dex Put Open Interest","-2,489,130,821 Dex Net Open Interest",239 TSLA close price
7/04/2025,25011696843,-26320060558,-1308363715,233.29,"25,011,696,843 Dex Call Open Interest","-26,320,060,558 Dex Put Open Interest","-1,308,363,715 Dex Net Open Interest",233 TSLA close price
8/04/2025,22558068995,-27504962687,-4946893692,221.86,"22,558,068,995 Dex Call Open Interest","-27,504,962,687 Dex Put Open Interest","-4,946,893,692 Dex Net Open Interest",222 TSLA close price
9/04/2025,40576140205,-21116224371,19459915833,272.2,"40,576,140,205 Dex Call Open Interest","-21,116,224,371 Dex Put Open Interest","19,459,915,833 Dex Net Open Interest",272 TSLA close price
10/04/2025,33244422602,-24415053907,8829368694,252.4,"33,244,422,602 Dex Call Open Interest","-24,415,053,907 Dex Put Open Interest","8,829,368,694 Dex Net Open Interest",252 TSLA close price
11/04/2025,32720460171,-24026593130,8693867040,252.31,"32,720,460,171 Dex Call Open Interest","-24,026,593,130 Dex Put Open Interest","8,693,867,040 Dex Net Open Interest",252 TSLA close price
14/04/2025,30616234019,-23229484173,7386749845,252.35,"30,616,234,019 Dex Call Open Interest","-23,229,484,173 Dex Put Open Interest","7,386,749,845 Dex Net Open Interest",252 TSLA close price
15/04/2025,31488046616,-22818022870,8670023745,254.11,"31,488,046,616 Dex Call Open Interest","-22,818,022,870 Dex Put Open Interest","8,670,023,745 Dex Net Open Interest",254 TSLA close price
16/04/2025,27076091568,-24788490346,2287601221,241.55,"27,076,091,568 Dex Call Open Interest","-24,788,490,346 Dex Put Open Interest","2,287,601,221 Dex Net Open Interest",242 TSLA close price
17/04/2025,26857350277,-24013862466,2843487810,241.37,"26,857,350,277 Dex Call Open Interest","-24,013,862,466 Dex Put Open Interest","2,843,487,810 Dex Net Open Interest",241 TSLA close price
21/04/2025,22554971986,-23780361238,-1225389252,227.5,"22,554,971,986 Dex Call Open Interest","-23,780,361,238 Dex Put Open Interest","-1,225,389,252 Dex Net Open Interest",228 TSLA close price
22/04/2025,26501376120,-22757913417,3743462702,237.97,"26,501,376,120 Dex Call Open Interest","-22,757,913,417 Dex Put Open Interest","3,743,462,702 Dex Net Open Interest",238 TSLA close price
23/04/2025,31066196541,-21245551504,9820645036,250.74,"31,066,196,541 Dex Call Open Interest","-21,245,551,504 Dex Put Open Interest","9,820,645,036 Dex Net Open Interest",251 TSLA close price
24/04/2025,35556371645,-20496431606,15059940039,259.51,"35,556,371,645 Dex Call Open Interest","-20,496,431,606 Dex Put Open Interest","15,059,940,039 Dex Net Open Interest",260 TSLA close price
25/04/2025,50433648169,-17076344915,33357303253,284.95,"50,433,648,169 Dex Call Open Interest","-17,076,344,915 Dex Put Open Interest","33,357,303,253 Dex Net Open Interest",285 TSLA close price
28/04/2025,45265432569,-17918966439,27346466130,285.88,"45,265,432,569 Dex Call Open Interest","-17,918,966,439 Dex Put Open Interest","27,346,466,130 Dex Net Open Interest",286 TSLA close price
29/04/2025,48727390092,-17837422560,30889967531,292.03,"48,727,390,092 Dex Call Open Interest","-17,837,422,560 Dex Put Open Interest","30,889,967,531 Dex Net Open Interest",292 TSLA close price
30/04/2025,44049027362,-19522382456,24526644906,282.16,"44,049,027,362 Dex Call Open Interest","-19,522,382,456 Dex Put Open Interest","24,526,644,906 Dex Net Open Interest",282 TSLA close price
1/05/2025,43315517730,-19872676495,23442841235,280.52,"43,315,517,730 Dex Call Open Interest","-19,872,676,495 Dex Put Open Interest","23,442,841,235 Dex Net Open Interest",281 TSLA close price
2/05/2025,46606333850,-18531597235,28074736614,287.21,"46,606,333,850 Dex Call Open Interest","-18,531,597,235 Dex Put Open Interest","28,074,736,614 Dex Net Open Interest",287 TSLA close price
5/05/2025,40534983299,-19437436190,21097547109,280.26,"40,534,983,299 Dex Call Open Interest","-19,437,436,190 Dex Put Open Interest","21,097,547,109 Dex Net Open Interest",280 TSLA close price
6/05/2025,39331090812,-20330897673,19000193139,275.35,"39,331,090,812 Dex Call Open Interest","-20,330,897,673 Dex Put Open Interest","19,000,193,139 Dex Net Open Interest",275 TSLA close price
7/05/2025,39535666127,-20089513930,19446152197,276.22,"39,535,666,127 Dex Call Open Interest","-20,089,513,930 Dex Put Open Interest","19,446,152,197 Dex Net Open Interest",276 TSLA close price
8/05/2025,44340365503,-18495510092,25844855411,284.82,"44,340,365,503 Dex Call Open Interest","-18,495,510,092 Dex Put Open Interest","25,844,855,411 Dex Net Open Interest",285 TSLA close price
12/05/2025,60368767206,-14763444279,45605322927,318.38,"60,368,767,206 Dex Call Open Interest","-14,763,444,279 Dex Put Open Interest","45,605,322,927 Dex Net Open Interest",318 TSLA close price
13/05/2025,70540847594,-13529029699,57011817895,334.07,"70,540,847,594 Dex Call Open Interest","-13,529,029,699 Dex Put Open Interest","57,011,817,895 Dex Net Open Interest",334 TSLA close price
14/05/2025,79412086121,-12812836052,66599250069,347.68,"79,412,086,121 Dex Call Open Interest","-12,812,836,052 Dex Put Open Interest","66,599,250,069 Dex Net Open Interest",348 TSLA close price
15/05/2025,75275850001,-14451235568,60824614432,342.82,"75,275,850,001 Dex Call Open Interest","-14,451,235,568 Dex Put Open Interest","60,824,614,432 Dex Net Open Interest",343 TSLA close price
16/05/2025,80881170575,-13777851169,67103319405,349.98,"80,881,170,575 Dex Call Open Interest","-13,777,851,169 Dex Put Open Interest","67,103,319,405 Dex Net Open Interest",350 TSLA close price
19/05/2025,64054981831,-14853978813,49201003017,342.09,"64,054,981,831 Dex Call Open Interest","-14,853,978,813 Dex Put Open Interest","49,201,003,017 Dex Net Open Interest",342 TSLA close price
20/05/2025,65969990886,-15180786323,50789204562,343.82,"65,969,990,886 Dex Call Open Interest","-15,180,786,323 Dex Put Open Interest","50,789,204,562 Dex Net Open Interest",344 TSLA close price
21/05/2025,60825811822,-17607650985,43218160836,334.62,"60,825,811,822 Dex Call Open Interest","-17,607,650,985 Dex Put Open Interest","43,218,160,836 Dex Net Open Interest",335 TSLA close price
22/05/2025,64968261412,-16276500161,48691761250,341.04,"64,968,261,412 Dex Call Open Interest","-16,276,500,161 Dex Put Open Interest","48,691,761,250 Dex Net Open Interest",341 TSLA close price
23/05/2025,63885861139,-16970339973,46915521165,339.34,"63,885,861,139 Dex Call Open Interest","-16,970,339,973 Dex Put Open Interest","46,915,521,165 Dex Net Open Interest",339 TSLA close price
27/05/2025,74909465646,-13485974208,61423491438,362.89,"74,909,465,646 Dex Call Open Interest","-13,485,974,208 Dex Put Open Interest","61,423,491,438 Dex Net Open Interest",363 TSLA close price
28/05/2025,72079414412,-15457932148,56621482264,356.9,"72,079,414,412 Dex Call Open Interest","-15,457,932,148 Dex Put Open Interest","56,621,482,264 Dex Net Open Interest",357 TSLA close price
29/05/2025,72947695853,-15271366822,57676329031,358.43,"72,947,695,853 Dex Call Open Interest","-15,271,366,822 Dex Put Open Interest","57,676,329,031 Dex Net Open Interest",358 TSLA close price
30/05/2025,64916517098,-17413254951,47503262146,346.46,"64,916,517,098 Dex Call Open Interest","-17,413,254,951 Dex Put Open Interest","47,503,262,146 Dex Net Open Interest",346 TSLA close price
2/06/2025,60882891984,-16834455539,44048436445,342.69,"60,882,891,984 Dex Call Open Interest","-16,834,455,539 Dex Put Open Interest","44,048,436,445 Dex Net Open Interest",343 TSLA close price
3/06/2025,62713269558,-16880700540,45832569018,344.27,"62,713,269,558 Dex Call Open Interest","-16,880,700,540 Dex Put Open Interest","45,832,569,018 Dex Net Open Interest",344 TSLA close price
4/06/2025,56693330519,-19361929132,37331401387,332.05,"56,693,330,519 Dex Call Open Interest","-19,361,929,132 Dex Put Open Interest","37,331,401,387 Dex Net Open Interest",332 TSLA close price
5/06/2025,37613975110,-28759181732,8854793377,284.7,"37,613,975,110 Dex Call Open Interest","-28,759,181,732 Dex Put Open Interest","8,854,793,377 Dex Net Open Interest",285 TSLA close price
6/06/2025,43048217986,-25306248980,17741969006,295.14,"43,048,217,986 Dex Call Open Interest","-25,306,248,980 Dex Put Open Interest","17,741,969,006 Dex Net Open Interest",295 TSLA close price
9/06/2025,48759399332,-20814862745,27944536586,308.58,"48,759,399,332 Dex Call Open Interest","-20,814,862,745 Dex Put Open Interest","27,944,536,586 Dex Net Open Interest",309 TSLA close price
10/06/2025,60149189335,-18350095991,41799093343,326.09,"60,149,189,335 Dex Call Open Interest","-18,350,095,991 Dex Put Open Interest","41,799,093,343 Dex Net Open Interest",326 TSLA close price
11/06/2025,60049310913,-18847666388,41201644525,326.43,"60,049,310,913 Dex Call Open Interest","-18,847,666,388 Dex Put Open Interest","41,201,644,525 Dex Net Open Interest",326 TSLA close price
12/06/2025,55455102361,-20861646617,34593455743,319.11,"55,455,102,361 Dex Call Open Interest","-20,861,646,617 Dex Put Open Interest","34,593,455,743 Dex Net Open Interest",319 TSLA close price
13/06/2025,59736832322,-19230082832,40506749490,325.31,"59,736,832,322 Dex Call Open Interest","-19,230,082,832 Dex Put Open Interest","40,506,749,490 Dex Net Open Interest",325 TSLA close price
16/06/2025,58027065178,-17958718115,40068347063,329.13,"58,027,065,178 Dex Call Open Interest","-17,958,718,115 Dex Put Open Interest","40,068,347,063 Dex Net Open Interest",329 TSLA close price
17/06/2025,51906319350,-20433637254,31472682096,316.35,"51,906,319,350 Dex Call Open Interest","-20,433,637,254 Dex Put Open Interest","31,472,682,096 Dex Net Open Interest",316 TSLA close price
18/06/2025,54826017997,-19209079173,35616938824,321.99,"54,826,017,997 Dex Call Open Interest","-19,209,079,173 Dex Put Open Interest","35,616,938,824 Dex Net Open Interest",322 TSLA close price
20/06/2025,54069329423,-18768613047,35300716376,322.14,"54,069,329,423 Dex Call Open Interest","-18,768,613,047 Dex Put Open Interest","35,300,716,376 Dex Net Open Interest",322 TSLA close price
23/06/2025,60081076434,-13914659108,46166417326,348.71,"60,081,076,434 Dex Call Open Interest","-13,914,659,108 Dex Put Open Interest","46,166,417,326 Dex Net Open Interest",349 TSLA close price
24/06/2025,55407846712,-16450750377,38957096335,340.47,"55,407,846,712 Dex Call Open Interest","-16,450,750,377 Dex Put Open Interest","38,957,096,335 Dex Net Open Interest",340 TSLA close price
25/06/2025,49168895633,-19359583451,29809312182,327.55,"49,168,895,633 Dex Call Open Interest","-19,359,583,451 Dex Put Open Interest","29,809,312,182 Dex Net Open Interest",328 TSLA close price
26/06/2025,48739515407,-19908907693,28830607714,325.78,"48,739,515,407 Dex Call Open Interest","-19,908,907,693 Dex Put Open Interest","28,830,607,714 Dex Net Open Interest",326 TSLA close price
27/06/2025,47445333056,-19841121122,27604211934,323.79,"47,445,333,056 Dex Call Open Interest","-19,841,121,122 Dex Put Open Interest","27,604,211,934 Dex Net Open Interest",324 TSLA close price
30/06/2025,43569338191,-18988177027,24581161164,317.66,"43,569,338,191 Dex Call Open Interest","-18,988,177,027 Dex Put Open Interest","24,581,161,164 Dex Net Open Interest",318 TSLA close price
1/07/2025,37467607816,-23278850972,14188756844,300.71,"37,467,607,816 Dex Call Open Interest","-23,278,850,972 Dex Put Open Interest","14,188,756,844 Dex Net Open Interest",301 TSLA close price
2/07/2025,45628601015,-19857085228,25771515786,315.65,"45,628,601,015 Dex Call Open Interest","-19,857,085,228 Dex Put Open Interest","25,771,515,786 Dex Net Open Interest",316 TSLA close price
3/07/2025,45264696863,-19345112678,25919584185,315.35,"45,264,696,863 Dex Call Open Interest","-19,345,112,678 Dex Put Open Interest","25,919,584,185 Dex Net Open Interest",315 TSLA close price
7/07/2025,35305205066,-22077078633,13228126432,293.94,"35,305,205,066 Dex Call Open Interest","-22,077,078,633 Dex Put Open Interest","13,228,126,432 Dex Net Open Interest",294 TSLA close price
8/07/2025,38485786937,-21484298178,17001488758,297.81,"38,485,786,937 Dex Call Open Interest","-21,484,298,178 Dex Put Open Interest","17,001,488,758 Dex Net Open Interest",298 TSLA close price
9/07/2025,37369774242,-22265156020,15104618221,295.84,"37,369,774,242 Dex Call Open Interest","-22,265,156,020 Dex Put Open Interest","15,104,618,221 Dex Net Open Interest",296 TSLA close price
10/07/2025,45515839309,-18874218374,26641620935,309.87,"45,515,839,309 Dex Call Open Interest","-18,874,218,374 Dex Put Open Interest","26,641,620,935 Dex Net Open Interest",310 TSLA close price
11/07/2025,47494898689,-18399685314,29095213375,313.51,"47,494,898,689 Dex Call Open Interest","-18,399,685,314 Dex Put Open Interest","29,095,213,375 Dex Net Open Interest",314 TSLA close price
14/07/2025,46634197446,-17468826817,29165370628,316.97,"46,634,197,446 Dex Call Open Interest","-17,468,826,817 Dex Put Open Interest","29,165,370,628 Dex Net Open Interest",317 TSLA close price
15/07/2025,43989528088,-19243593273,24745934814,310.78,"43,989,528,088 Dex Call Open Interest","-19,243,593,273 Dex Put Open Interest","24,745,934,814 Dex Net Open Interest",311 TSLA close price
16/07/2025,50416597000,-17055324673,33361272327,321.67,"50,416,597,000 Dex Call Open Interest","-17,055,324,673 Dex Put Open Interest","33,361,272,327 Dex Net Open Interest",322 TSLA close price
17/07/2025,48590500329,-17874711212,30715789117,319.41,"48,590,500,329 Dex Call Open Interest","-17,874,711,212 Dex Put Open Interest","30,715,789,117 Dex Net Open Interest",319 TSLA close price
18/07/2025,55574315085,-15453851895,40120463190,329.65,"55,574,315,085 Dex Call Open Interest","-15,453,851,895 Dex Put Open Interest","40,120,463,190 Dex Net Open Interest",330 TSLA close price
21/07/2025,48184254042,-15224804486,32959449555,328.49,"48,184,254,042 Dex Call Open Interest","-15,224,804,486 Dex Put Open Interest","32,959,449,555 Dex Net Open Interest",328 TSLA close price
22/07/2025,50752820497,-15281670763,35471149733,332.11,"50,752,820,497 Dex Call Open Interest","-15,281,670,763 Dex Put Open Interest","35,471,149,733 Dex Net Open Interest",332 TSLA close price
23/07/2025,51225565427,-15609123723,35616441703,332.56,"51,225,565,427 Dex Call Open Interest","-15,609,123,723 Dex Put Open Interest","35,616,441,703 Dex Net Open Interest",333 TSLA close price
24/07/2025,37792191466,-21663758386,16128433080,305.3,"37,792,191,466 Dex Call Open Interest","-21,663,758,386 Dex Put Open Interest","16,128,433,080 Dex Net Open Interest",305 TSLA close price
25/07/2025,46643560010,-17698330228,28945229781,316.06,"46,643,560,010 Dex Call Open Interest","-17,698,330,228 Dex Put Open Interest","28,945,229,781 Dex Net Open Interest",316 TSLA close price
28/07/2025,48200087677,-15489232600,32710855077,325.59,"48,200,087,677 Dex Call Open Interest","-15,489,232,600 Dex Put Open Interest","32,710,855,077 Dex Net Open Interest",326 TSLA close price
29/07/2025,46108481435,-17479731349,28628750086,321.2,"46,108,481,435 Dex Call Open Interest","-17,479,731,349 Dex Put Open Interest","28,628,750,086 Dex Net Open Interest",321 TSLA close price
30/07/2025,45013550045,-17736699881,27276850163,319.04,"45,013,550,045 Dex Call Open Interest","-17,736,699,881 Dex Put Open Interest","27,276,850,163 Dex Net Open Interest",319 TSLA close price
31/07/2025,39857767315,-20707864990,19149902325,308.27,"39,857,767,315 Dex Call Open Interest","-20,707,864,990 Dex Put Open Interest","19,149,902,325 Dex Net Open Interest",308 TSLA close price
1/08/2025,36776970066,-22919394663,13857575403,301.06,"36,776,970,066 Dex Call Open Interest","-22,919,394,663 Dex Put Open Interest","13,857,575,403 Dex Net Open Interest",301 TSLA close price
4/08/2025,40032292868,-18589984697,21442308171,309.26,"40,032,292,868 Dex Call Open Interest","-18,589,984,697 Dex Put Open Interest","21,442,308,171 Dex Net Open Interest",309 TSLA close price
5/08/2025,40196721252,-18987351348,21209369903,308.72,"40,196,721,252 Dex Call Open Interest","-18,987,351,348 Dex Put Open Interest","21,209,369,903 Dex Net Open Interest",309 TSLA close price
6/08/2025,46680875487,-16643647076,30037228411,319.91,"46,680,875,487 Dex Call Open Interest","-16,643,647,076 Dex Put Open Interest","30,037,228,411 Dex Net Open Interest",320 TSLA close price
7/08/2025,48911188432,-16414505714,32496682718,322.27,"48,911,188,432 Dex Call Open Interest","-16,414,505,714 Dex Put Open Interest","32,496,682,718 Dex Net Open Interest",322 TSLA close price
8/08/2025,54997491699,-14916914952,40080576746,329.68,"54,997,491,699 Dex Call Open Interest","-14,916,914,952 Dex Put Open Interest","40,080,576,746 Dex Net Open Interest",330 TSLA close price
11/08/2025,54410425832,-13881551682,40528874150,339.03,"54,410,425,832 Dex Call Open Interest","-13,881,551,682 Dex Put Open Interest","40,528,874,150 Dex Net Open Interest",339 TSLA close price
12/08/2025,55235904309,-14508135091,40727769217,340.79,"55,235,904,309 Dex Call Open Interest","-14,508,135,091 Dex Put Open Interest","40,727,769,217 Dex Net Open Interest",341 TSLA close price
13/08/2025,54793147248,-15161745832,39631401416,339.24,"54,793,147,248 Dex Call Open Interest","-15,161,745,832 Dex Put Open Interest","39,631,401,416 Dex Net Open Interest",339 TSLA close price
14/08/2025,52297168931,-16158723440,36138445490,335.58,"52,297,168,931 Dex Call Open Interest","-16,158,723,440 Dex Put Open Interest","36,138,445,490 Dex Net Open Interest",336 TSLA close price
15/08/2025,49624697513,-17051903089,32572794424,330.56,"49,624,697,513 Dex Call Open Interest","-17,051,903,089 Dex Put Open Interest","32,572,794,424 Dex Net Open Interest",331 TSLA close price
18/08/2025,48012895883,-14749618494,33263277389,335.16,"48,012,895,883 Dex Call Open Interest","-14,749,618,494 Dex Put Open Interest","33,263,277,389 Dex Net Open Interest",335 TSLA close price
19/08/2025,45745307959,-16397740377,29347567582,329.31,"45,745,307,959 Dex Call Open Interest","-16,397,740,377 Dex Put Open Interest","29,347,567,582 Dex Net Open Interest",329 TSLA close price
20/08/2025,43252403025,-17940633149,25311769875,323.9,"43,252,403,025 Dex Call Open Interest","-17,940,633,149 Dex Put Open Interest","25,311,769,875 Dex Net Open Interest",324 TSLA close price
21/08/2025,42286622397,-18840788937,23445833459,320.11,"42,286,622,397 Dex Call Open Interest","-18,840,788,937 Dex Put Open Interest","23,445,833,459 Dex Net Open Interest",320 TSLA close price
22/08/2025,54417669962,-14293726461,40123943501,340.01,"54,417,669,962 Dex Call Open Interest","-14,293,726,461 Dex Put Open Interest","40,123,943,501 Dex Net Open Interest",340 TSLA close price
25/08/2025,56382176616,-13847479806,42534696809,346.6,"56,382,176,616 Dex Call Open Interest","-13,847,479,806 Dex Put Open Interest","42,534,696,809 Dex Net Open Interest",347 TSLA close price
26/08/2025,60631811833,-13794071908,46837739925,351.79,"60,631,811,833 Dex Call Open Interest","-13,794,071,908 Dex Put Open Interest","46,837,739,925 Dex Net Open Interest",352 TSLA close price
27/08/2025,59378866159,-14410483519,44968382639,349.6,"59,378,866,159 Dex Call Open Interest","-14,410,483,519 Dex Put Open Interest","44,968,382,639 Dex Net Open Interest",350 TSLA close price
28/08/2025,56984130324,-15360120787,41624009537,345.98,"56,984,130,324 Dex Call Open Interest","-15,360,120,787 Dex Put Open Interest","41,624,009,537 Dex Net Open Interest",346 TSLA close price
29/08/2025,48511337809,-18805739633,29705598176,333.86,"48,511,337,809 Dex Call Open Interest","-18,805,739,633 Dex Put Open Interest","29,705,598,176 Dex Net Open Interest",334 TSLA close price
2/09/2025,44916064423,-17845377593,27070686830,329.4,"44,916,064,423 Dex Call Open Interest","-17,845,377,593 Dex Put Open Interest","27,070,686,830 Dex Net Open Interest",329 TSLA close price
3/09/2025,47802851487,-16976574167,30826277319,334.09,"47,802,851,487 Dex Call Open Interest","-16,976,574,167 Dex Put Open Interest","30,826,277,319 Dex Net Open Interest",334 TSLA close price
4/09/2025,50547876257,-16251844624,34296031632,338.62,"50,547,876,257 Dex Call Open Interest","-16,251,844,624 Dex Put Open Interest","34,296,031,632 Dex Net Open Interest",339 TSLA close price
5/09/2025,61005378719,-13812628817,47192749902,350.81,"61,005,378,719 Dex Call Open Interest","-13,812,628,817 Dex Put Open Interest","47,192,749,902 Dex Net Open Interest",351 TSLA close price
8/09/2025,53175354742,-14950947918,38224406823,346.4,"53,175,354,742 Dex Call Open Interest","-14,950,947,918 Dex Put Open Interest","38,224,406,823 Dex Net Open Interest",346 TSLA close price
9/09/2025,53859990947,-15530323631,38329667315,346.99,"53,859,990,947 Dex Call Open Interest","-15,530,323,631 Dex Put Open Interest","38,329,667,315 Dex Net Open Interest",347 TSLA close price
10/09/2025,54941082629,-15767364673,39173717956,347.79,"54,941,082,629 Dex Call Open Interest","-15,767,364,673 Dex Put Open Interest","39,173,717,956 Dex Net Open Interest",348 TSLA close price
11/09/2025,70700714136,-12535674920,58165039215,368.81,"70,700,714,136 Dex Call Open Interest","-12,535,674,920 Dex Put Open Interest","58,165,039,215 Dex Net Open Interest",369 TSLA close price
12/09/2025,92039624965,-10554085077,81485539887,395.94,"92,039,624,965 Dex Call Open Interest","-10,554,085,077 Dex Put Open Interest","81,485,539,887 Dex Net Open Interest",396 TSLA close price
15/09/2025,90197281491,-10692658834,79504622656,410.04,"90,197,281,491 Dex Call Open Interest","-10,692,658,834 Dex Put Open Interest","79,504,622,656 Dex Net Open Interest",410 TSLA close price
16/09/2025,97436469604,-11860704112,85575765492,421.62,"97,436,469,604 Dex Call Open Interest","-11,860,704,112 Dex Put Open Interest","85,575,765,492 Dex Net Open Interest",422 TSLA close price
17/09/2025,99354096504,-11864676997,87489419506,425.86,"99,354,096,504 Dex Call Open Interest","-11,864,676,997 Dex Put Open Interest","87,489,419,506 Dex Net Open Interest",426 TSLA close price
18/09/2025,93985636750,-13859801702,80125835048,416.85,"93,985,636,750 Dex Call Open Interest","-13,859,801,702 Dex Put Open Interest","80,125,835,048 Dex Net Open Interest",417 TSLA close price
19/09/2025,1.00629E+11,-12790434379,87838950581,426.07,"100,629,384,960 Dex Call Open Interest","-12,790,434,379 Dex Put Open Interest","87,838,950,581 Dex Net Open Interest",426 TSLA close price
22/09/2025,87680602708,-11886875227,75793727481,434.21,"87,680,602,708 Dex Call Open Interest","-11,886,875,227 Dex Put Open Interest","75,793,727,481 Dex Net Open Interest",434 TSLA close price
23/09/2025,83199693425,-14323567925,68876125500,425.85,"83,199,693,425 Dex Call Open Interest","-14,323,567,925 Dex Put Open Interest","68,876,125,500 Dex Net Open Interest",426 TSLA close price
24/09/2025,94284688764,-12292315444,81992373320,442.79,"94,284,688,764 Dex Call Open Interest","-12,292,315,444 Dex Put Open Interest","81,992,373,320 Dex Net Open Interest",443 TSLA close price
25/09/2025,82368425786,-16430655258,65937770527,423.39,"82,368,425,786 Dex Call Open Interest","-16,430,655,258 Dex Put Open Interest","65,937,770,527 Dex Net Open Interest",423 TSLA close price
26/09/2025,96524283581,-12473354652,84050928929,440.4,"96,524,283,581 Dex Call Open Interest","-12,473,354,652 Dex Put Open Interest","84,050,928,929 Dex Net Open Interest",440 TSLA close price
29/09/2025,90665828631,-12486650352,78179178279,443.21,"90,665,828,631 Dex Call Open Interest","-12,486,650,352 Dex Put Open Interest","78,179,178,279 Dex Net Open Interest",443 TSLA close price
30/09/2025,92966384389,-13044094707,79922289682,444.72,"92,966,384,389 Dex Call Open Interest","-13,044,094,707 Dex Put Open Interest","79,922,289,682 Dex Net Open Interest",445 TSLA close price
1/10/2025,1.01957E+11,-11660869731,90296500489,459.46,"101,957,370,220 Dex Call Open Interest","-11,660,869,731 Dex Put Open Interest","90,296,500,489 Dex Net Open Interest",459 TSLA close price
2/10/2025,87842455436,-16499755280,71342700156,436,"87,842,455,436 Dex Call Open Interest","-16,499,755,280 Dex Put Open Interest","71,342,700,156 Dex Net Open Interest",436 TSLA close price
3/10/2025,84181537332,-19277773253,64903764078,429.83,"84,181,537,332 Dex Call Open Interest","-19,277,773,253 Dex Put Open Interest","64,903,764,078 Dex Net Open Interest",430 TSLA close price
6/10/2025,97513412577,-13623204833,83890207743,453.25,"97,513,412,577 Dex Call Open Interest","-13,623,204,833 Dex Put Open Interest","83,890,207,743 Dex Net Open Interest",453 TSLA close price
7/10/2025,85534413266,-17180934348,68353478917,433.09,"85,534,413,266 Dex Call Open Interest","-17,180,934,348 Dex Put Open Interest","68,353,478,917 Dex Net Open Interest",433 TSLA close price
8/10/2025,88891588179,-16323242889,72568345289,438.69,"88,891,588,179 Dex Call Open Interest","-16,323,242,889 Dex Put Open Interest","72,568,345,289 Dex Net Open Interest",439 TSLA close price
9/10/2025,87204195140,-16730821662,70473373477,435.54,"87,204,195,140 Dex Call Open Interest","-16,730,821,662 Dex Put Open Interest","70,473,373,477 Dex Net Open Interest",436 TSLA close price
10/10/2025,74276187830,-23002469436,51273718393,413.49,"74,276,187,830 Dex Call Open Interest","-23,002,469,436 Dex Put Open Interest","51,273,718,393 Dex Net Open Interest",413 TSLA close price
13/10/2025,85761420790,-15556733608,70204687181,435.9,"85,761,420,790 Dex Call Open Interest","-15,556,733,608 Dex Put Open Interest","70,204,687,181 Dex Net Open Interest",436 TSLA close price
14/10/2025,82092363838,-16898049508,65194314329,429.24,"82,092,363,838 Dex Call Open Interest","-16,898,049,508 Dex Put Open Interest","65,194,314,329 Dex Net Open Interest",429 TSLA close price
15/10/2025,86033010525,-16070346920,69962663604,435.15,"86,033,010,525 Dex Call Open Interest","-16,070,346,920 Dex Put Open Interest","69,962,663,604 Dex Net Open Interest",435 TSLA close price
16/10/2025,83251105729,-17444649337,65806456391,428.75,"83,251,105,729 Dex Call Open Interest","-17,444,649,337 Dex Put Open Interest","65,806,456,391 Dex Net Open Interest",429 TSLA close price
17/10/2025,90221372588,-14785121529,75436251059,439.31,"90,221,372,588 Dex Call Open Interest","-14,785,121,529 Dex Put Open Interest","75,436,251,059 Dex Net Open Interest",439 TSLA close price
20/10/2025,86964127314,-13712452116,73251675197,447.43,"86,964,127,314 Dex Call Open Interest","-13,712,452,116 Dex Put Open Interest","73,251,675,197 Dex Net Open Interest",447 TSLA close price
21/10/2025,85270641857,-14638938475,70631703381,442.6,"85,270,641,857 Dex Call Open Interest","-14,638,938,475 Dex Put Open Interest","70,631,703,381 Dex Net Open Interest",443 TSLA close price
22/10/2025,83807561960,-15636368458,68171193502,438.97,"83,807,561,960 Dex Call Open Interest","-15,636,368,458 Dex Put Open Interest","68,171,193,502 Dex Net Open Interest",439 TSLA close price
23/10/2025,90308796342,-13870777392,76438018949,448.98,"90,308,796,342 Dex Call Open Interest","-13,870,777,392 Dex Put Open Interest","76,438,018,949 Dex Net Open Interest",449 TSLA close price
24/10/2025,81112033478,-17332581052,63779452426,433.72,"81,112,033,478 Dex Call Open Interest","-17,332,581,052 Dex Put Open Interest","63,779,452,426 Dex Net Open Interest",434 TSLA close price
27/10/2025,91166962799,-13507918968,77659043831,452.42,"91,166,962,799 Dex Call Open Interest","-13,507,918,968 Dex Put Open Interest","77,659,043,831 Dex Net Open Interest",452 TSLA close price
28/10/2025,97771745690,-13747170684,84024575006,460.55,"97,771,745,690 Dex Call Open Interest","-13,747,170,684 Dex Put Open Interest","84,024,575,006 Dex Net Open Interest",461 TSLA close price
29/10/2025,98678480544,-14449756212,84228724331,461.51,"98,678,480,544 Dex Call Open Interest","-14,449,756,212 Dex Put Open Interest","84,228,724,331 Dex Net Open Interest",462 TSLA close price
30/10/2025,84243560150,-18317612129,65925948021,440.1,"84,243,560,150 Dex Call Open Interest","-18,317,612,129 Dex Put Open Interest","65,925,948,021 Dex Net Open Interest",440 TSLA close price
31/10/2025,96581304357,-14692943564,81888360792,456.56,"96,581,304,357 Dex Call Open Interest","-14,692,943,564 Dex Put Open Interest","81,888,360,792 Dex Net Open Interest",457 TSLA close price
3/11/2025,99603625595,-13250720916,86352904679,468.37,"99,603,625,595 Dex Call Open Interest","-13,250,720,916 Dex Put Open Interest","86,352,904,679 Dex Net Open Interest",468 TSLA close price
4/11/2025,86522039178,-17914291219,68607747959,444.26,"86,522,039,178 Dex Call Open Interest","-17,914,291,219 Dex Put Open Interest","68,607,747,959 Dex Net Open Interest",444 TSLA close price
5/11/2025,98679437099,-15547872277,83131564821,462.07,"98,679,437,099 Dex Call Open Interest","-15,547,872,277 Dex Put Open Interest","83,131,564,821 Dex Net Open Interest",462 TSLA close price
