timestamp,gex_call_oi,gex_put_oi,gex_net_oi,close_price,gex_call_oi text,gex_put_oi text,gex_net_oi text
5/11/2024,976513075,-566174508,410338567,251.44,"976,513,075 Gex Call Open Interest","-566,174,508 Gex Put Open Interest","410,338,567 Gex Net Open Interest"
6/11/2024,1312933828,-343424712,969509116,288.53,"1,312,933,828 Gex Call Open Interest","-343,424,712 Gex Put Open Interest","969,509,116 Gex Net Open Interest"
7/11/2024,1524629836,-427477036,1097152800,296.91,"1,524,629,836 Gex Call Open Interest","-427,477,036 Gex Put Open Interest","1,097,152,800 Gex Net Open Interest"
8/11/2024,1561763528,-306244010,1255519517,321.22,"1,561,763,528 Gex Call Open Interest","-306,244,010 Gex Put Open Interest","1,255,519,517 Gex Net Open Interest"
11/11/2024,1147081078,-305527755,841553323,350,"1,147,081,078 Gex Call Open Interest","-305,527,755 Gex Put Open Interest","841,553,323 Gex Net Open Interest"
12/11/2024,1249344427,-549510536,699833891,328.49,"1,249,344,427 Gex Call Open Interest","-549,510,536 Gex Put Open Interest","699,833,891 Gex Net Open Interest"
13/11/2024,1389660735,-616642812,773017922,330.24,"1,389,660,735 Gex Call Open Interest","-616,642,812 Gex Put Open Interest","773,017,922 Gex Net Open Interest"
14/11/2024,1261127239,-861041322,400085916,311.18,"1,261,127,239 Gex Call Open Interest","-861,041,322 Gex Put Open Interest","400,085,916 Gex Net Open Interest"
15/11/2024,1784072787,-987000833,797071954,320.72,"1,784,072,787 Gex Call Open Interest","-987,000,833 Gex Put Open Interest","797,071,954 Gex Net Open Interest"
18/11/2024,1152239048,-438767319,713471728,338.74,"1,152,239,048 Gex Call Open Interest","-438,767,319 Gex Put Open Interest","713,471,728 Gex Net Open Interest"
19/11/2024,1322655057,-482244853,840410203,346,"1,322,655,057 Gex Call Open Interest","-482,244,853 Gex Put Open Interest","840,410,203 Gex Net Open Interest"
20/11/2024,1359655648,-578985894,780669754,342.03,"1,359,655,648 Gex Call Open Interest","-578,985,894 Gex Put Open Interest","780,669,754 Gex Net Open Interest"
21/11/2024,1438121240,-649849334,788271906,339.64,"1,438,121,240 Gex Call Open Interest","-649,849,334 Gex Put Open Interest","788,271,906 Gex Net Open Interest"
22/11/2024,1990151358,-478353239,1511798119,352.56,"1,990,151,358 Gex Call Open Interest","-478,353,239 Gex Put Open Interest","1,511,798,119 Gex Net Open Interest"
25/11/2024,1200942615,-550614529,650328086,338.59,"1,200,942,615 Gex Call Open Interest","-550,614,529 Gex Put Open Interest","650,328,086 Gex Net Open Interest"
26/11/2024,1320008057,-691455223,628552834,338.23,"1,320,008,057 Gex Call Open Interest","-691,455,223 Gex Put Open Interest","628,552,834 Gex Net Open Interest"
27/11/2024,1282886509,-863799162,419087347,332.89,"1,282,886,509 Gex Call Open Interest","-863,799,162 Gex Put Open Interest","419,087,347 Gex Net Open Interest"
29/11/2024,1761078016,-798444169,962633846,345.16,"1,761,078,016 Gex Call Open Interest","-798,444,169 Gex Put Open Interest","962,633,846 Gex Net Open Interest"
2/12/2024,1227511527,-462015593,765495934,357.09,"1,227,511,527 Gex Call Open Interest","-462,015,593 Gex Put Open Interest","765,495,934 Gex Net Open Interest"
3/12/2024,1352267853,-636849147,715418705,351.42,"1,352,267,853 Gex Call Open Interest","-636,849,147 Gex Put Open Interest","715,418,705 Gex Net Open Interest"
4/12/2024,1481388678,-639673877,841714801,357.93,"1,481,388,678 Gex Call Open Interest","-639,673,877 Gex Put Open Interest","841,714,801 Gex Net Open Interest"
5/12/2024,1711105226,-505757557,1205347668,369.49,"1,711,105,226 Gex Call Open Interest","-505,757,557 Gex Put Open Interest","1,205,347,668 Gex Net Open Interest"
6/12/2024,2084744524,-407598323,1677146201,389.22,"2,084,744,524 Gex Call Open Interest","-407,598,323 Gex Put Open Interest","1,677,146,201 Gex Net Open Interest"
9/12/2024,1452971863,-472385479,980586384,389.79,"1,452,971,863 Gex Call Open Interest","-472,385,479 Gex Put Open Interest","980,586,384 Gex Net Open Interest"
10/12/2024,1724556383,-504673225,1219883158,400.99,"1,724,556,383 Gex Call Open Interest","-504,673,225 Gex Put Open Interest","1,219,883,158 Gex Net Open Interest"
11/12/2024,1823156872,-454091720,1369065152,424.77,"1,823,156,872 Gex Call Open Interest","-454,091,720 Gex Put Open Interest","1,369,065,152 Gex Net Open Interest"
12/12/2024,1963951036,-729070684,1234880352,418.1,"1,963,951,036 Gex Call Open Interest","-729,070,684 Gex Put Open Interest","1,234,880,352 Gex Net Open Interest"
13/12/2024,1720969824,-447209390,1273760433,436.23,"1,720,969,824 Gex Call Open Interest","-447,209,390 Gex Put Open Interest","1,273,760,433 Gex Net Open Interest"
16/12/2024,1471407947,-388306838,1083101109,463.02,"1,471,407,947 Gex Call Open Interest","-388,306,838 Gex Put Open Interest","1,083,101,109 Gex Net Open Interest"
17/12/2024,1592024768,-483954073,1108070694,479.86,"1,592,024,768 Gex Call Open Interest","-483,954,073 Gex Put Open Interest","1,108,070,694 Gex Net Open Interest"
18/12/2024,1680306197,-936937283,743368913,440.13,"1,680,306,197 Gex Call Open Interest","-936,937,283 Gex Put Open Interest","743,368,913 Gex Net Open Interest"
19/12/2024,1744153731,-1065890966,678262765,436.17,"1,744,153,731 Gex Call Open Interest","-1,065,890,966 Gex Put Open Interest","678,262,765 Gex Net Open Interest"
20/12/2024,2084306942,-1503503507,580803435,421.06,"2,084,306,942 Gex Call Open Interest","-1,503,503,507 Gex Put Open Interest","580,803,435 Gex Net Open Interest"
23/12/2024,1345851666,-739504851,606346814,430.6,"1,345,851,666 Gex Call Open Interest","-739,504,851 Gex Put Open Interest","606,346,814 Gex Net Open Interest"
24/12/2024,1828504851,-613839982,1214664869,462.28,"1,828,504,851 Gex Call Open Interest","-613,839,982 Gex Put Open Interest","1,214,664,869 Gex Net Open Interest"
26/12/2024,1859441472,-786619775,1072821696,454.13,"1,859,441,472 Gex Call Open Interest","-786,619,775 Gex Put Open Interest","1,072,821,696 Gex Net Open Interest"
27/12/2024,1651646009,-1284242619,367403389,431.66,"1,651,646,009 Gex Call Open Interest","-1,284,242,619 Gex Put Open Interest","367,403,389 Gex Net Open Interest"
30/12/2024,1185783190,-697673514,488109675,417.41,"1,185,783,190 Gex Call Open Interest","-697,673,514 Gex Put Open Interest","488,109,675 Gex Net Open Interest"
31/12/2024,1139884900,-781008220,358876680,403.84,"1,139,884,900 Gex Call Open Interest","-781,008,220 Gex Put Open Interest","358,876,680 Gex Net Open Interest"
2/01/2025,919817007,-895701801,24115205,379.28,"919,817,007 Gex Call Open Interest","-895,701,801 Gex Put Open Interest","24,115,205 Gex Net Open Interest"
3/01/2025,1799383980,-848253984,951129996,410.44,"1,799,383,980 Gex Call Open Interest","-848,253,984 Gex Put Open Interest","951,129,996 Gex Net Open Interest"
6/01/2025,1392275810,-659312590,732963220,411.05,"1,392,275,810 Gex Call Open Interest","-659,312,590 Gex Put Open Interest","732,963,220 Gex Net Open Interest"
7/01/2025,1333914879,-854389507,479525371,394.36,"1,333,914,879 Gex Call Open Interest","-854,389,507 Gex Put Open Interest","479,525,371 Gex Net Open Interest"
8/01/2025,1412282370,-941387578,470894791,394.94,"1,412,282,370 Gex Call Open Interest","-941,387,578 Gex Put Open Interest","470,894,791 Gex Net Open Interest"
10/01/2025,1743306678,-1316108662,427198016,394.74,"1,743,306,678 Gex Call Open Interest","-1,316,108,662 Gex Put Open Interest","427,198,016 Gex Net Open Interest"
13/01/2025,1290036793,-689079809,600956984,403.31,"1,290,036,793 Gex Call Open Interest","-689,079,809 Gex Put Open Interest","600,956,984 Gex Net Open Interest"
14/01/2025,1315655908,-774495407,541160500,396.36,"1,315,655,908 Gex Call Open Interest","-774,495,407 Gex Put Open Interest","541,160,500 Gex Net Open Interest"
15/01/2025,1787269830,-653573896,1133695933,428.22,"1,787,269,830 Gex Call Open Interest","-653,573,896 Gex Put Open Interest","1,133,695,933 Gex Net Open Interest"
16/01/2025,1717824234,-945040185,772784048,413.82,"1,717,824,234 Gex Call Open Interest","-945,040,185 Gex Put Open Interest","772,784,048 Gex Net Open Interest"
17/01/2025,2547216246,-760015406,1787200840,426.5,"2,547,216,246 Gex Call Open Interest","-760,015,406 Gex Put Open Interest","1,787,200,840 Gex Net Open Interest"
21/01/2025,1344575635,-617317004,727258631,424.07,"1,344,575,635 Gex Call Open Interest","-617,317,004 Gex Put Open Interest","727,258,631 Gex Net Open Interest"
22/01/2025,1391125276,-779313586,611811690,415.11,"1,391,125,276 Gex Call Open Interest","-779,313,586 Gex Put Open Interest","611,811,690 Gex Net Open Interest"
23/01/2025,1413304004,-907466740,505837264,412.38,"1,413,304,004 Gex Call Open Interest","-907,466,740 Gex Put Open Interest","505,837,264 Gex Net Open Interest"
24/01/2025,1121069043,-1166438747,-45369704,406.58,"1,121,069,043 Gex Call Open Interest","-1,166,438,747 Gex Put Open Interest","-45,369,704 Gex Net Open Interest"
27/01/2025,922064814,-601218286,320846528,397.15,"922,064,814 Gex Call Open Interest","-601,218,286 Gex Put Open Interest","320,846,528 Gex Net Open Interest"
28/01/2025,961257637,-625495966,335761670,398.09,"961,257,637 Gex Call Open Interest","-625,495,966 Gex Put Open Interest","335,761,670 Gex Net Open Interest"
29/01/2025,937277107,-664565656,272711450,389.1,"937,277,107 Gex Call Open Interest","-664,565,656 Gex Put Open Interest","272,711,450 Gex Net Open Interest"
30/01/2025,1174045227,-827643723,346401503,400.28,"1,174,045,227 Gex Call Open Interest","-827,643,723 Gex Put Open Interest","346,401,503 Gex Net Open Interest"
31/01/2025,1437760901,-919099743,518661157,404.6,"1,437,760,901 Gex Call Open Interest","-919,099,743 Gex Put Open Interest","518,661,157 Gex Net Open Interest"
3/02/2025,929473357,-748946635,180526722,383.68,"929,473,357 Gex Call Open Interest","-748,946,635 Gex Put Open Interest","180,526,722 Gex Net Open Interest"
4/02/2025,1251273190,-828346242,422926947,392.21,"1,251,273,190 Gex Call Open Interest","-828,346,242 Gex Put Open Interest","422,926,947 Gex Net Open Interest"
5/02/2025,1119028258,-950190007,168838250,378.17,"1,119,028,258 Gex Call Open Interest","-950,190,007 Gex Put Open Interest","168,838,250 Gex Net Open Interest"
6/02/2025,1492328468,-1123500127,368828341,374.32,"1,492,328,468 Gex Call Open Interest","-1,123,500,127 Gex Put Open Interest","368,828,341 Gex Net Open Interest"
7/02/2025,988010456,-1329779830,-341769373,361.62,"988,010,456 Gex Call Open Interest","-1,329,779,830 Gex Put Open Interest","-341,769,373 Gex Net Open Interest"
10/02/2025,837410648,-878950285,-41539637,350.73,"837,410,648 Gex Call Open Interest","-878,950,285 Gex Put Open Interest","-41,539,637 Gex Net Open Interest"
11/02/2025,741950357,-893397406,-151447049,328.5,"741,950,357 Gex Call Open Interest","-893,397,406 Gex Put Open Interest","-151,447,049 Gex Net Open Interest"
12/02/2025,1109948846,-1039085657,70863189,336.51,"1,109,948,846 Gex Call Open Interest","-1,039,085,657 Gex Put Open Interest","70,863,189 Gex Net Open Interest"
13/02/2025,1585942768,-1051430770,534511997,355.94,"1,585,942,768 Gex Call Open Interest","-1,051,430,770 Gex Put Open Interest","534,511,997 Gex Net Open Interest"
14/02/2025,1611049764,-1201079608,409970155,355.84,"1,611,049,764 Gex Call Open Interest","-1,201,079,608 Gex Put Open Interest","409,970,155 Gex Net Open Interest"
18/02/2025,1244830689,-934293657,310537032,354.11,"1,244,830,689 Gex Call Open Interest","-934,293,657 Gex Put Open Interest","310,537,032 Gex Net Open Interest"
19/02/2025,1478949038,-940802820,538146218,360.56,"1,478,949,038 Gex Call Open Interest","-940,802,820 Gex Put Open Interest","538,146,218 Gex Net Open Interest"
20/02/2025,1408003958,-1124268450,283735507,354.4,"1,408,003,958 Gex Call Open Interest","-1,124,268,450 Gex Put Open Interest","283,735,507 Gex Net Open Interest"
21/02/2025,922759673,-1323009797,-400250124,337.8,"922,759,673 Gex Call Open Interest","-1,323,009,797 Gex Put Open Interest","-400,250,124 Gex Net Open Interest"
24/02/2025,816250447,-815944249,306197,330.53,"816,250,447 Gex Call Open Interest","-815,944,249 Gex Put Open Interest","306,197 Gex Net Open Interest"
25/02/2025,609619309,-778113422,-168494112,302.8,"609,619,309 Gex Call Open Interest","-778,113,422 Gex Put Open Interest","-168,494,112 Gex Net Open Interest"
26/02/2025,668975535,-782802232,-113826697,290.8,"668,975,535 Gex Call Open Interest","-782,802,232 Gex Put Open Interest","-113,826,697 Gex Net Open Interest"
27/02/2025,644960827,-805332647,-160371820,281.95,"644,960,827 Gex Call Open Interest","-805,332,647 Gex Put Open Interest","-160,371,820 Gex Net Open Interest"
28/02/2025,974541840,-762587272,211954568,292.98,"974,541,840 Gex Call Open Interest","-762,587,272 Gex Put Open Interest","211,954,568 Gex Net Open Interest"
3/03/2025,670304126,-677310937,-7006810,284.65,"670,304,126 Gex Call Open Interest","-677,310,937 Gex Put Open Interest","-7,006,810 Gex Net Open Interest"
4/03/2025,599059888,-703055636,-103995747,272.04,"599,059,888 Gex Call Open Interest","-703,055,636 Gex Put Open Interest","-103,995,747 Gex Net Open Interest"
5/03/2025,742927843,-747935374,-5007530,279.1,"742,927,843 Gex Call Open Interest","-747,935,374 Gex Put Open Interest","-5,007,530 Gex Net Open Interest"
6/03/2025,587345754,-787308962,-199963208,263.45,"587,345,754 Gex Call Open Interest","-787,308,962 Gex Put Open Interest","-199,963,208 Gex Net Open Interest"
7/03/2025,645470015,-932550253,-287080238,262.67,"645,470,015 Gex Call Open Interest","-932,550,253 Gex Put Open Interest","-287,080,238 Gex Net Open Interest"
10/03/2025,346364321,-491064613,-144700292,222.15,"346,364,321 Gex Call Open Interest","-491,064,613 Gex Put Open Interest","-144,700,292 Gex Net Open Interest"
11/03/2025,499162109,-555986722,-56824612,230.58,"499,162,109 Gex Call Open Interest","-555,986,722 Gex Put Open Interest","-56,824,612 Gex Net Open Interest"
12/03/2025,716405187,-674042158,42363029,248.09,"716,405,187 Gex Call Open Interest","-674,042,158 Gex Put Open Interest","42,363,029 Gex Net Open Interest"
13/03/2025,647372394,-727645214,-80272820,240.68,"647,372,394 Gex Call Open Interest","-727,645,214 Gex Put Open Interest","-80,272,820 Gex Net Open Interest"
14/03/2025,13336187123,-3608835290,9727351833,249.98,"13,336,187,123 Gex Call Open Interest","-3,608,835,290 Gex Put Open Interest","9,727,351,833 Gex Net Open Interest"
17/03/2025,535387427,-611955837,-76568410,238.01,"535,387,427 Gex Call Open Interest","-611,955,837 Gex Put Open Interest","-76,568,410 Gex Net Open Interest"
18/03/2025,465972465,-638786920,-172814454,225.31,"465,972,465 Gex Call Open Interest","-638,786,920 Gex Put Open Interest","-172,814,454 Gex Net Open Interest"
19/03/2025,633958565,-678973250,-45014685,235.86,"633,958,565 Gex Call Open Interest","-678,973,250 Gex Put Open Interest","-45,014,685 Gex Net Open Interest"
20/03/2025,656472483,-734899452,-78426968,236.26,"656,472,483 Gex Call Open Interest","-734,899,452 Gex Put Open Interest","-78,426,968 Gex Net Open Interest"
21/03/2025,1301858667,-608303991,693554675,248.71,"1,301,858,667 Gex Call Open Interest","-608,303,991 Gex Put Open Interest","693,554,675 Gex Net Open Interest"
24/03/2025,816682387,-534052890,282629497,278.39,"816,682,387 Gex Call Open Interest","-534,052,890 Gex Put Open Interest","282,629,497 Gex Net Open Interest"
25/03/2025,1045955206,-618284439,427670766,288.14,"1,045,955,206 Gex Call Open Interest","-618,284,439 Gex Put Open Interest","427,670,766 Gex Net Open Interest"
26/03/2025,991343002,-802742253,188600748,272.06,"991,343,002 Gex Call Open Interest","-802,742,253 Gex Put Open Interest","188,600,748 Gex Net Open Interest"
27/03/2025,1085975235,-770709119,315266115,273.13,"1,085,975,235 Gex Call Open Interest","-770,709,119 Gex Put Open Interest","315,266,115 Gex Net Open Interest"
28/03/2025,681163918,-946375699,-265211781,263.55,"681,163,918 Gex Call Open Interest","-946,375,699 Gex Put Open Interest","-265,211,781 Gex Net Open Interest"
31/03/2025,626788776,-634257465,-7468688,259.16,"626,788,776 Gex Call Open Interest","-634,257,465 Gex Put Open Interest","-7,468,688 Gex Net Open Interest"
1/04/2025,757225333,-648111104,109114229,268.46,"757,225,333 Gex Call Open Interest","-648,111,104 Gex Put Open Interest","109,114,229 Gex Net Open Interest"
2/04/2025,949368207,-651173122,298195085,282.76,"949,368,207 Gex Call Open Interest","-651,173,122 Gex Put Open Interest","298,195,085 Gex Net Open Interest"
3/04/2025,844339741,-811726942,32612798,267.28,"844,339,741 Gex Call Open Interest","-811,726,942 Gex Put Open Interest","32,612,798 Gex Net Open Interest"
4/04/2025,523251025,-1064018323,-540767298,239.43,"523,251,025 Gex Call Open Interest","-1,064,018,323 Gex Put Open Interest","-540,767,298 Gex Net Open Interest"
7/04/2025,464770836,-553096688,-88325852,233.29,"464,770,836 Gex Call Open Interest","-553,096,688 Gex Put Open Interest","-88,325,852 Gex Net Open Interest"
8/04/2025,421568516,-545896751,-124328234,221.86,"421,568,516 Gex Call Open Interest","-545,896,751 Gex Put Open Interest","-124,328,234 Gex Net Open Interest"
9/04/2025,861437088,-597020906,264416182,272.2,"861,437,088 Gex Call Open Interest","-597,020,906 Gex Put Open Interest","264,416,182 Gex Net Open Interest"
10/04/2025,759777891,-666108447,93669443,252.4,"759,777,891 Gex Call Open Interest","-666,108,447 Gex Put Open Interest","93,669,443 Gex Net Open Interest"
11/04/2025,775995750,-768885946,7109804,252.31,"775,995,750 Gex Call Open Interest","-768,885,946 Gex Put Open Interest","7,109,804 Gex Net Open Interest"
14/04/2025,674966626,-602819717,72146909,252.35,"674,966,626 Gex Call Open Interest","-602,819,717 Gex Put Open Interest","72,146,909 Gex Net Open Interest"
15/04/2025,757239179,-651427728,105811450,254.11,"757,239,179 Gex Call Open Interest","-651,427,728 Gex Put Open Interest","105,811,450 Gex Net Open Interest"
16/04/2025,586410890,-694796095,-108385204,241.55,"586,410,890 Gex Call Open Interest","-694,796,095 Gex Put Open Interest","-108,385,204 Gex Net Open Interest"
17/04/2025,627851129,-725830737,-97979607,241.37,"627,851,129 Gex Call Open Interest","-725,830,737 Gex Put Open Interest","-97,979,607 Gex Net Open Interest"
21/04/2025,418276296,-527607215,-109330918,227.5,"418,276,296 Gex Call Open Interest","-527,607,215 Gex Put Open Interest","-109,330,918 Gex Net Open Interest"
22/04/2025,521242610,-544297810,-23055200,237.97,"521,242,610 Gex Call Open Interest","-544,297,810 Gex Put Open Interest","-23,055,200 Gex Net Open Interest"
23/04/2025,731922540,-615058592,116863947,250.74,"731,922,540 Gex Call Open Interest","-615,058,592 Gex Put Open Interest","116,863,947 Gex Net Open Interest"
24/04/2025,943883919,-656738189,287145729,259.51,"943,883,919 Gex Call Open Interest","-656,738,189 Gex Put Open Interest","287,145,729 Gex Net Open Interest"
25/04/2025,1692183374,-531976098,1160207276,284.95,"1,692,183,374 Gex Call Open Interest","-531,976,098 Gex Put Open Interest","1,160,207,276 Gex Net Open Interest"
28/04/2025,923574126,-583316352,340257774,285.88,"923,574,126 Gex Call Open Interest","-583,316,352 Gex Put Open Interest","340,257,774 Gex Net Open Interest"
29/04/2025,1072059451,-612360871,459698579,292.03,"1,072,059,451 Gex Call Open Interest","-612,360,871 Gex Put Open Interest","459,698,579 Gex Net Open Interest"
30/04/2025,1039144225,-690323102,348821123,282.16,"1,039,144,225 Gex Call Open Interest","-690,323,102 Gex Put Open Interest","348,821,123 Gex Net Open Interest"
1/05/2025,1066412321,-740339556,326072764,280.52,"1,066,412,321 Gex Call Open Interest","-740,339,556 Gex Put Open Interest","326,072,764 Gex Net Open Interest"
2/05/2025,1672222731,-763247858,908974873,287.21,"1,672,222,731 Gex Call Open Interest","-763,247,858 Gex Put Open Interest","908,974,873 Gex Net Open Interest"
5/05/2025,859884423,-647823021,212061401,280.26,"859,884,423 Gex Call Open Interest","-647,823,021 Gex Put Open Interest","212,061,401 Gex Net Open Interest"
6/05/2025,883149626,-696292888,186856737,275.35,"883,149,626 Gex Call Open Interest","-696,292,888 Gex Put Open Interest","186,856,737 Gex Net Open Interest"
7/05/2025,938972011,-729007672,209964338,276.22,"938,972,011 Gex Call Open Interest","-729,007,672 Gex Put Open Interest","209,964,338 Gex Net Open Interest"
8/05/2025,1136157563,-690252839,445904723,284.82,"1,136,157,563 Gex Call Open Interest","-690,252,839 Gex Put Open Interest","445,904,723 Gex Net Open Interest"
12/05/2025,1259656822,-540877815,718779006,318.38,"1,259,656,822 Gex Call Open Interest","-540,877,815 Gex Put Open Interest","718,779,006 Gex Net Open Interest"
13/05/2025,1395765317,-546078998,849686318,334.07,"1,395,765,317 Gex Call Open Interest","-546,078,998 Gex Put Open Interest","849,686,318 Gex Net Open Interest"
14/05/2025,1511598789,-539758892,971839897,347.68,"1,511,598,789 Gex Call Open Interest","-539,758,892 Gex Put Open Interest","971,839,897 Gex Net Open Interest"
15/05/2025,1659824509,-692118831,967705678,342.82,"1,659,824,509 Gex Call Open Interest","-692,118,831 Gex Put Open Interest","967,705,678 Gex Net Open Interest"
16/05/2025,24422621322,-1071335559,23351285763,349.98,"24,422,621,322 Gex Call Open Interest","-1,071,335,559 Gex Put Open Interest","23,351,285,763 Gex Net Open Interest"
19/05/2025,1192350232,-575997723,616352509,342.09,"1,192,350,232 Gex Call Open Interest","-575,997,723 Gex Put Open Interest","616,352,509 Gex Net Open Interest"
20/05/2025,1336617646,-629013359,707604287,343.82,"1,336,617,646 Gex Call Open Interest","-629,013,359 Gex Put Open Interest","707,604,287 Gex Net Open Interest"
21/05/2025,1308026574,-807597350,500429224,334.62,"1,308,026,574 Gex Call Open Interest","-807,597,350 Gex Put Open Interest","500,429,224 Gex Net Open Interest"
22/05/2025,1543119572,-828173560,714946012,341.04,"1,543,119,572 Gex Call Open Interest","-828,173,560 Gex Put Open Interest","714,946,012 Gex Net Open Interest"
23/05/2025,1954303830,-644715213,1309588616,339.34,"1,954,303,830 Gex Call Open Interest","-644,715,213 Gex Put Open Interest","1,309,588,616 Gex Net Open Interest"
27/05/2025,1408707289,-519281519,889425770,362.89,"1,408,707,289 Gex Call Open Interest","-519,281,519 Gex Put Open Interest","889,425,770 Gex Net Open Interest"
28/05/2025,1536137789,-750267373,785870415,356.9,"1,536,137,789 Gex Call Open Interest","-750,267,373 Gex Put Open Interest","785,870,415 Gex Net Open Interest"
29/05/2025,1694783869,-775411710,919372159,358.43,"1,694,783,869 Gex Call Open Interest","-775,411,710 Gex Put Open Interest","919,372,159 Gex Net Open Interest"
30/05/2025,1341554687,-1018208067,323346620,346.46,"1,341,554,687 Gex Call Open Interest","-1,018,208,067 Gex Put Open Interest","323,346,620 Gex Net Open Interest"
2/06/2025,1187585200,-693970208,493614992,342.69,"1,187,585,200 Gex Call Open Interest","-693,970,208 Gex Put Open Interest","493,614,992 Gex Net Open Interest"
3/06/2025,1294973021,-748716178,546256842,344.27,"1,294,973,021 Gex Call Open Interest","-748,716,178 Gex Put Open Interest","546,256,842 Gex Net Open Interest"
4/06/2025,1162635509,-859953121,302682388,332.05,"1,162,635,509 Gex Call Open Interest","-859,953,121 Gex Put Open Interest","302,682,388 Gex Net Open Interest"
5/06/2025,687167557,-741945462,-54777904,284.7,"687,167,557 Gex Call Open Interest","-741,945,462 Gex Put Open Interest","-54,777,904 Gex Net Open Interest"
6/06/2025,1101387694,-986572500,114815193,295.14,"1,101,387,694 Gex Call Open Interest","-986,572,500 Gex Put Open Interest","114,815,193 Gex Net Open Interest"
9/06/2025,1067004230,-756585971,310418259,308.58,"1,067,004,230 Gex Call Open Interest","-756,585,971 Gex Put Open Interest","310,418,259 Gex Net Open Interest"
10/06/2025,1403869675,-744587951,659281723,326.09,"1,403,869,675 Gex Call Open Interest","-744,587,951 Gex Put Open Interest","659,281,723 Gex Net Open Interest"
11/06/2025,1502879487,-834023306,668856180,326.43,"1,502,879,487 Gex Call Open Interest","-834,023,306 Gex Put Open Interest","668,856,180 Gex Net Open Interest"
12/06/2025,1504631211,-964692032,539939179,319.11,"1,504,631,211 Gex Call Open Interest","-964,692,032 Gex Put Open Interest","539,939,179 Gex Net Open Interest"
13/06/2025,2582564729,-1265042182,1317522547,325.31,"2,582,564,729 Gex Call Open Interest","-1,265,042,182 Gex Put Open Interest","1,317,522,547 Gex Net Open Interest"
16/06/2025,1343372686,-763404981,579967704,329.13,"1,343,372,686 Gex Call Open Interest","-763,404,981 Gex Put Open Interest","579,967,704 Gex Net Open Interest"
17/06/2025,1198717515,-870898845,327818670,316.35,"1,198,717,515 Gex Call Open Interest","-870,898,845 Gex Put Open Interest","327,818,670 Gex Net Open Interest"
18/06/2025,1426011784,-897537011,528474772,321.99,"1,426,011,784 Gex Call Open Interest","-897,537,011 Gex Put Open Interest","528,474,772 Gex Net Open Interest"
20/06/2025,1413027271,-1081747276,331279994,322.14,"1,413,027,271 Gex Call Open Interest","-1,081,747,276 Gex Put Open Interest","331,279,994 Gex Net Open Interest"
23/06/2025,1212494190,-534659766,677834423,348.71,"1,212,494,190 Gex Call Open Interest","-534,659,766 Gex Put Open Interest","677,834,423 Gex Net Open Interest"
24/06/2025,1250299040,-785128303,465170736,340.47,"1,250,299,040 Gex Call Open Interest","-785,128,303 Gex Put Open Interest","465,170,736 Gex Net Open Interest"
25/06/2025,1120723214,-944266047,176457167,327.55,"1,120,723,214 Gex Call Open Interest","-944,266,047 Gex Put Open Interest","176,457,167 Gex Net Open Interest"
26/06/2025,1293584384,-1068020564,225563820,325.78,"1,293,584,384 Gex Call Open Interest","-1,068,020,564 Gex Put Open Interest","225,563,820 Gex Net Open Interest"
27/06/2025,1138214602,-1369080481,-230865879,323.79,"1,138,214,602 Gex Call Open Interest","-1,369,080,481 Gex Put Open Interest","-230,865,879 Gex Net Open Interest"
30/06/2025,958004067,-789124511,168879556,317.66,"958,004,067 Gex Call Open Interest","-789,124,511 Gex Put Open Interest","168,879,556 Gex Net Open Interest"
1/07/2025,818931601,-920795532,-101863931,300.71,"818,931,601 Gex Call Open Interest","-920,795,532 Gex Put Open Interest","-101,863,931 Gex Net Open Interest"
2/07/2025,1220148190,-1007562139,212586050,315.65,"1,220,148,190 Gex Call Open Interest","-1,007,562,139 Gex Put Open Interest","212,586,050 Gex Net Open Interest"
3/07/2025,1160471332,-1361447458,-200976126,315.35,"1,160,471,332 Gex Call Open Interest","-1,361,447,458 Gex Put Open Interest","-200,976,126 Gex Net Open Interest"
7/07/2025,732437796,-782717171,-50279375,293.94,"732,437,796 Gex Call Open Interest","-782,717,171 Gex Put Open Interest","-50,279,375 Gex Net Open Interest"
8/07/2025,960878285,-884844387,76033897,297.81,"960,878,285 Gex Call Open Interest","-884,844,387 Gex Put Open Interest","76,033,897 Gex Net Open Interest"
9/07/2025,997626105,-1015054520,-17428414,295.84,"997,626,105 Gex Call Open Interest","-1,015,054,520 Gex Put Open Interest","-17,428,414 Gex Net Open Interest"
10/07/2025,1381527570,-894557408,486970162,309.87,"1,381,527,570 Gex Call Open Interest","-894,557,408 Gex Put Open Interest","486,970,162 Gex Net Open Interest"
11/07/2025,1607584428,-876447601,731136827,313.51,"1,607,584,428 Gex Call Open Interest","-876,447,601 Gex Put Open Interest","731,136,827 Gex Net Open Interest"
14/07/2025,1179754942,-792727401,387027540,316.97,"1,179,754,942 Gex Call Open Interest","-792,727,401 Gex Put Open Interest","387,027,540 Gex Net Open Interest"
15/07/2025,1172085067,-888758713,283326354,310.78,"1,172,085,067 Gex Call Open Interest","-888,758,713 Gex Put Open Interest","283,326,354 Gex Net Open Interest"
16/07/2025,1497288113,-872586866,624701246,321.67,"1,497,288,113 Gex Call Open Interest","-872,586,866 Gex Put Open Interest","624,701,246 Gex Net Open Interest"
17/07/2025,1565159300,-1071051607,494107693,319.41,"1,565,159,300 Gex Call Open Interest","-1,071,051,607 Gex Put Open Interest","494,107,693 Gex Net Open Interest"
18/07/2025,4163362880,-1215195804,2948167075,329.65,"4,163,362,880 Gex Call Open Interest","-1,215,195,804 Gex Put Open Interest","2,948,167,075 Gex Net Open Interest"
21/07/2025,997213392,-614821852,382391540,328.49,"997,213,392 Gex Call Open Interest","-614,821,852 Gex Put Open Interest","382,391,540 Gex Net Open Interest"
22/07/2025,1105395194,-651518409,453876784,332.11,"1,105,395,194 Gex Call Open Interest","-651,518,409 Gex Put Open Interest","453,876,784 Gex Net Open Interest"
23/07/2025,1141893916,-703923407,437970509,332.56,"1,141,893,916 Gex Call Open Interest","-703,923,407 Gex Put Open Interest","437,970,509 Gex Net Open Interest"
24/07/2025,931145723,-1098519000,-167373276,305.3,"931,145,723 Gex Call Open Interest","-1,098,519,000 Gex Put Open Interest","-167,373,276 Gex Net Open Interest"
25/07/2025,1389328855,-876412651,512916204,316.06,"1,389,328,855 Gex Call Open Interest","-876,412,651 Gex Put Open Interest","512,916,204 Gex Net Open Interest"
28/07/2025,1237963453,-734315723,503647730,325.59,"1,237,963,453 Gex Call Open Interest","-734,315,723 Gex Put Open Interest","503,647,730 Gex Net Open Interest"
29/07/2025,1288313456,-932182980,356130475,321.2,"1,288,313,456 Gex Call Open Interest","-932,182,980 Gex Put Open Interest","356,130,475 Gex Net Open Interest"
30/07/2025,1338835131,-968963291,369871840,319.04,"1,338,835,131 Gex Call Open Interest","-968,963,291 Gex Put Open Interest","369,871,840 Gex Net Open Interest"
31/07/2025,1144480911,-1120934188,23546722,308.27,"1,144,480,911 Gex Call Open Interest","-1,120,934,188 Gex Put Open Interest","23,546,722 Gex Net Open Interest"
1/08/2025,900400769,-968003651,-67602882,301.06,"900,400,769 Gex Call Open Interest","-968,003,651 Gex Put Open Interest","-67,602,882 Gex Net Open Interest"
4/08/2025,1066554696,-837202995,229351700,309.26,"1,066,554,696 Gex Call Open Interest","-837,202,995 Gex Put Open Interest","229,351,700 Gex Net Open Interest"
5/08/2025,1172263423,-926501342,245762080,308.72,"1,172,263,423 Gex Call Open Interest","-926,501,342 Gex Put Open Interest","245,762,080 Gex Net Open Interest"
6/08/2025,1544345263,-871391298,672953965,319.91,"1,544,345,263 Gex Call Open Interest","-871,391,298 Gex Put Open Interest","672,953,965 Gex Net Open Interest"
7/08/2025,1815616385,-931585974,884030411,322.27,"1,815,616,385 Gex Call Open Interest","-931,585,974 Gex Put Open Interest","884,030,411 Gex Net Open Interest"
8/08/2025,3860288644,-853149280,3007139363,329.68,"3,860,288,644 Gex Call Open Interest","-853,149,280 Gex Put Open Interest","3,007,139,363 Gex Net Open Interest"
11/08/2025,1392819882,-683855016,708964866,339.03,"1,392,819,882 Gex Call Open Interest","-683,855,016 Gex Put Open Interest","708,964,866 Gex Net Open Interest"
12/08/2025,1550571222,-803617473,746953749,340.79,"1,550,571,222 Gex Call Open Interest","-803,617,473 Gex Put Open Interest","746,953,749 Gex Net Open Interest"
13/08/2025,1647118571,-897216933,749901638,339.24,"1,647,118,571 Gex Call Open Interest","-897,216,933 Gex Put Open Interest","749,901,638 Gex Net Open Interest"
14/08/2025,1638957327,-1048235770,590721556,335.58,"1,638,957,327 Gex Call Open Interest","-1,048,235,770 Gex Put Open Interest","590,721,556 Gex Net Open Interest"
15/08/2025,1124885644,-1562532954,-437647310,330.56,"1,124,885,644 Gex Call Open Interest","-1,562,532,954 Gex Put Open Interest","-437,647,310 Gex Net Open Interest"
18/08/2025,1180202661,-723986759,456215901,335.16,"1,180,202,661 Gex Call Open Interest","-723,986,759 Gex Put Open Interest","456,215,901 Gex Net Open Interest"
19/08/2025,1203766496,-851849526,351916969,329.31,"1,203,766,496 Gex Call Open Interest","-851,849,526 Gex Put Open Interest","351,916,969 Gex Net Open Interest"
20/08/2025,1131231036,-963619540,167611496,323.9,"1,131,231,036 Gex Call Open Interest","-963,619,540 Gex Put Open Interest","167,611,496 Gex Net Open Interest"
21/08/2025,1167277392,-1020402961,146874431,320.11,"1,167,277,392 Gex Call Open Interest","-1,020,402,961 Gex Put Open Interest","146,874,431 Gex Net Open Interest"
22/08/2025,4143585175,-1435912187,2707672988,340.01,"4,143,585,175 Gex Call Open Interest","-1,435,912,187 Gex Put Open Interest","2,707,672,988 Gex Net Open Interest"
25/08/2025,1488403271,-688519837,799883433,346.6,"1,488,403,271 Gex Call Open Interest","-688,519,837 Gex Put Open Interest","799,883,433 Gex Net Open Interest"
26/08/2025,1778407093,-749099269,1029307824,351.79,"1,778,407,093 Gex Call Open Interest","-749,099,269 Gex Put Open Interest","1,029,307,824 Gex Net Open Interest"
27/08/2025,1923060197,-857229669,1065830527,349.6,"1,923,060,197 Gex Call Open Interest","-857,229,669 Gex Put Open Interest","1,065,830,527 Gex Net Open Interest"
28/08/2025,1938215681,-980308780,957906900,345.98,"1,938,215,681 Gex Call Open Interest","-980,308,780 Gex Put Open Interest","957,906,900 Gex Net Open Interest"
29/08/2025,1324534006,-1198218994,126315011,333.86,"1,324,534,006 Gex Call Open Interest","-1,198,218,994 Gex Put Open Interest","126,315,011 Gex Net Open Interest"
2/09/2025,1135760157,-880834204,254925953,329.4,"1,135,760,157 Gex Call Open Interest","-880,834,204 Gex Put Open Interest","254,925,953 Gex Net Open Interest"
3/09/2025,1370959201,-930618740,440340460,334.09,"1,370,959,201 Gex Call Open Interest","-930,618,740 Gex Put Open Interest","440,340,460 Gex Net Open Interest"
4/09/2025,1703863907,-991341535,712522372,338.62,"1,703,863,907 Gex Call Open Interest","-991,341,535 Gex Put Open Interest","712,522,372 Gex Net Open Interest"
5/09/2025,2444184458,-882844967,1561339491,350.81,"2,444,184,458 Gex Call Open Interest","-882,844,967 Gex Put Open Interest","1,561,339,491 Gex Net Open Interest"
8/09/2025,1375650361,-781218486,594431875,346.4,"1,375,650,361 Gex Call Open Interest","-781,218,486 Gex Put Open Interest","594,431,875 Gex Net Open Interest"
9/09/2025,1551038064,-931196678,619841385,346.99,"1,551,038,064 Gex Call Open Interest","-931,196,678 Gex Put Open Interest","619,841,385 Gex Net Open Interest"
10/09/2025,1670841581,-1010256853,660584728,347.79,"1,670,841,581 Gex Call Open Interest","-1,010,256,853 Gex Put Open Interest","660,584,728 Gex Net Open Interest"
11/09/2025,2159114577,-682825310,1476289266,368.81,"2,159,114,577 Gex Call Open Interest","-682,825,310 Gex Put Open Interest","1,476,289,266 Gex Net Open Interest"
12/09/2025,1850099933,-501058961,1349040971,395.94,"1,850,099,933 Gex Call Open Interest","-501,058,961 Gex Put Open Interest","1,349,040,971 Gex Net Open Interest"
15/09/2025,1722125117,-566219075,1155906041,410.04,"1,722,125,117 Gex Call Open Interest","-566,219,075 Gex Put Open Interest","1,155,906,041 Gex Net Open Interest"
16/09/2025,1951407222,-742847285,1208559936,421.62,"1,951,407,222 Gex Call Open Interest","-742,847,285 Gex Put Open Interest","1,208,559,936 Gex Net Open Interest"
17/09/2025,2055376591,-781490615,1273885975,425.86,"2,055,376,591 Gex Call Open Interest","-781,490,615 Gex Put Open Interest","1,273,885,975 Gex Net Open Interest"
18/09/2025,2081809152,-1059533198,1022275953,416.85,"2,081,809,152 Gex Call Open Interest","-1,059,533,198 Gex Put Open Interest","1,022,275,953 Gex Net Open Interest"
19/09/2025,1650204125,-1041465102,608739022,426.07,"1,650,204,125 Gex Call Open Interest","-1,041,465,102 Gex Put Open Interest","608,739,022 Gex Net Open Interest"
22/09/2025,1659764967,-633603313,1026161653,434.21,"1,659,764,967 Gex Call Open Interest","-633,603,313 Gex Put Open Interest","1,026,161,653 Gex Net Open Interest"
23/09/2025,1751231228,-858090234,893140993,425.85,"1,751,231,228 Gex Call Open Interest","-858,090,234 Gex Put Open Interest","893,140,993 Gex Net Open Interest"
24/09/2025,2133233931,-794081366,1339152564,442.79,"2,133,233,931 Gex Call Open Interest","-794,081,366 Gex Put Open Interest","1,339,152,564 Gex Net Open Interest"
25/09/2025,1971305102,-1190687003,780618099,423.39,"1,971,305,102 Gex Call Open Interest","-1,190,687,003 Gex Put Open Interest","780,618,099 Gex Net Open Interest"
26/09/2025,1621473940,-1349269087,272204853,440.4,"1,621,473,940 Gex Call Open Interest","-1,349,269,087 Gex Put Open Interest","272,204,853 Gex Net Open Interest"
29/09/2025,1679508082,-683699575,995808507,443.21,"1,679,508,082 Gex Call Open Interest","-683,699,575 Gex Put Open Interest","995,808,507 Gex Net Open Interest"
30/09/2025,1863314609,-776328373,1086986236,444.72,"1,863,314,609 Gex Call Open Interest","-776,328,373 Gex Put Open Interest","1,086,986,236 Gex Net Open Interest"
1/10/2025,2042348819,-699130008,1343218810,459.46,"2,042,348,819 Gex Call Open Interest","-699,130,008 Gex Put Open Interest","1,343,218,810 Gex Net Open Interest"
2/10/2025,1890580345,-1145949453,744630891,436,"1,890,580,345 Gex Call Open Interest","-1,145,949,453 Gex Put Open Interest","744,630,891 Gex Net Open Interest"
3/10/2025,3041253113,-4237825990,-1196572877,429.83,"3,041,253,113 Gex Call Open Interest","-4,237,825,990 Gex Put Open Interest","-1,196,572,877 Gex Net Open Interest"
6/10/2025,1843580053,-733389938,1110190114,453.25,"1,843,580,053 Gex Call Open Interest","-733,389,938 Gex Put Open Interest","1,110,190,114 Gex Net Open Interest"
7/10/2025,1773956853,-972740492,801216361,433.09,"1,773,956,853 Gex Call Open Interest","-972,740,492 Gex Put Open Interest","801,216,361 Gex Net Open Interest"
8/10/2025,2045590464,-1070876005,974714459,438.69,"2,045,590,464 Gex Call Open Interest","-1,070,876,005 Gex Put Open Interest","974,714,459 Gex Net Open Interest"
9/10/2025,2113299253,-1235390376,877908877,435.54,"2,113,299,253 Gex Call Open Interest","-1,235,390,376 Gex Put Open Interest","877,908,877 Gex Net Open Interest"
10/10/2025,1467655405,-1548466596,-80811191,413.49,"1,467,655,405 Gex Call Open Interest","-1,548,466,596 Gex Put Open Interest","-80,811,191 Gex Net Open Interest"
13/10/2025,1712836277,-856337253,856499024,435.9,"1,712,836,277 Gex Call Open Interest","-856,337,253 Gex Put Open Interest","856,499,024 Gex Net Open Interest"
14/10/2025,1716267494,-981132339,735135155,429.24,"1,716,267,494 Gex Call Open Interest","-981,132,339 Gex Put Open Interest","735,135,155 Gex Net Open Interest"
15/10/2025,1920659767,-983139381,937520386,435.15,"1,920,659,767 Gex Call Open Interest","-983,139,381 Gex Put Open Interest","937,520,386 Gex Net Open Interest"
16/10/2025,1877204044,-1131534774,745669270,428.75,"1,877,204,044 Gex Call Open Interest","-1,131,534,774 Gex Put Open Interest","745,669,270 Gex Net Open Interest"
17/10/2025,3620375801,-1108268776,2512107025,439.31,"3,620,375,801 Gex Call Open Interest","-1,108,268,776 Gex Put Open Interest","2,512,107,025 Gex Net Open Interest"
20/10/2025,1534843853,-666702440,868141413,447.43,"1,534,843,853 Gex Call Open Interest","-666,702,440 Gex Put Open Interest","868,141,413 Gex Net Open Interest"
21/10/2025,1592228463,-735567894,856660568,442.6,"1,592,228,463 Gex Call Open Interest","-735,567,894 Gex Put Open Interest","856,660,568 Gex Net Open Interest"
22/10/2025,1618719955,-807406965,811312989,438.97,"1,618,719,955 Gex Call Open Interest","-807,406,965 Gex Put Open Interest","811,312,989 Gex Net Open Interest"
23/10/2025,2106619104,-872983681,1233635423,448.98,"2,106,619,104 Gex Call Open Interest","-872,983,681 Gex Put Open Interest","1,233,635,423 Gex Net Open Interest"
24/10/2025,1729926554,-1475955027,253971527,433.72,"1,729,926,554 Gex Call Open Interest","-1,475,955,027 Gex Put Open Interest","253,971,527 Gex Net Open Interest"
27/10/2025,1886716501,-758274297,1128442203,452.42,"1,886,716,501 Gex Call Open Interest","-758,274,297 Gex Put Open Interest","1,128,442,203 Gex Net Open Interest"
28/10/2025,2141315203,-827431585,1313883617,460.55,"2,141,315,203 Gex Call Open Interest","-827,431,585 Gex Put Open Interest","1,313,883,617 Gex Net Open Interest"
29/10/2025,2334311777,-936706991,1397604785,461.51,"2,334,311,777 Gex Call Open Interest","-936,706,991 Gex Put Open Interest","1,397,604,785 Gex Net Open Interest"
30/10/2025,1997049461,-1252677845,744371616,440.1,"1,997,049,461 Gex Call Open Interest","-1,252,677,845 Gex Put Open Interest","744,371,616 Gex Net Open Interest"
31/10/2025,2681614850,-1069731027,1611883823,456.56,"2,681,614,850 Gex Call Open Interest","-1,069,731,027 Gex Put Open Interest","1,611,883,823 Gex Net Open Interest"
3/11/2025,1897315538,-713549318,1183766219,468.37,"1,897,315,538 Gex Call Open Interest","-713,549,318 Gex Put Open Interest","1,183,766,219 Gex Net Open Interest"
4/11/2025,1759119885,-988373562,770746322,444.26,"1,759,119,885 Gex Call Open Interest","-988,373,562 Gex Put Open Interest","770,746,322 Gex Net Open Interest"
5/11/2025,2165608840,-922009693,1243599146,462.07,"2,165,608,840 Gex Call Open Interest","-922,009,693 Gex Put Open Interest","1,243,599,146 Gex Net Open Interest"
